search,query,items,time,date,trial,method,database
#30,"Search ((((((t-test [tiab] OR anova [tiab] OR ancova [tiab] OR ""mixed model"" [tiab]))) NOT ((nonparametric [tiab] OR non-parametric [tiab] OR wlicoxon-rank [tiab] OR ""wilcoxon rank"" [tiab] OR kruskal-wallis [tiab] OR ""kruskal wallis"" [tiab] OR transformation [tiab] OR (outlier* [tiab] AND remov* [tiab]))))) AND ((((((p=.03* [tiab] OR p=0.03* [tiab]))) NOT ((p=.04* [tiab] OR p=0.04* [tiab]))) NOT (((p 05,05[tiab] OR p 050[tiab] OR p 0500[tiab] OR p 05006[tiab] OR p 0501[tiab] OR p 0501a[tiab] OR p 0502[tiab] OR p 0505[tiab] OR p 0507[tiab] OR p 051[tiab] OR p 0511[tiab] OR p 0513[tiab] OR p 0514[tiab] OR p 0515[tiab] OR p 0518[tiab] OR p 0519[tiab] OR p 052[tiab] OR p 0529[tiab] OR p 053[tiab] OR p 0537[tiab] OR p 054[tiab] OR p 0542[tiab] OR p 055[tiab] OR p 0557[tiab] OR p 056[tiab] OR p 0566[tiab] OR p 057[tiab] OR p 0571[tiab] OR p 0573[tiab] OR p 058[tiab] OR p 0583[tiab] OR p 0585[tiab] OR p 0588[tiab] OR p 059[tiab] OR p 0591[tiab] OR p 0594[tiab] OR p 0595[tiab] OR p 0597[tiab]) OR (p 0 05,15[tiab] OR p 0 05,863[tiab] OR p 0 05,95[tiab] OR p 0 050[tiab] OR p 0 0500[tiab] OR p 0 0501[tiab] OR p 0 0502[tiab] OR p 0 0503[tiab] OR p 0 0504[tiab] OR p 0 0505[tiab] OR p 0 0505385[tiab] OR p 0 0506[tiab] OR p 0 0507[tiab] OR p 0 0508[tiab] OR p 0 0509[tiab] OR p 0 051[tiab] OR p 0 0510[tiab] OR p 0 0511[tiab] OR p 0 0512[tiab] OR p 0 0513[tiab] OR p 0 0514[tiab] OR p 0 0515[tiab] OR p 0 0516[tiab] OR p 0 0517[tiab] OR p 0 0518[tiab] OR p 0 0519[tiab] OR p 0 052[tiab] OR p 0 0520[tiab] OR p 0 0522[tiab] OR p 0 0523[tiab] OR p 0 0524[tiab] OR p 0 0525[tiab] OR p 0 052574[tiab] OR p 0 0526[tiab] OR p 0 0527[tiab] OR p 0 0529[tiab] OR p 0 053[tiab] OR p 0 0530[tiab] OR p 0 0531[tiab] OR p 0 0532[tiab] OR p 0 0533[tiab] OR p 0 0534[tiab] OR p 0 0535[tiab] OR p 0 0536[tiab] OR p 0 0537[tiab] OR p 0 0539[tiab] OR p 0 054[tiab] OR p 0 0540[tiab] OR p 0 0541[tiab] OR p 0 0542[tiab] OR p 0 0543[tiab] OR p 0 0544[tiab] OR p 0 0545[tiab] OR p 0 0546[tiab] OR p 0 0547[tiab] OR p 0 0548[tiab] OR p 0 0549[tiab] OR p 0 055[tiab] OR p 0 0550[tiab] OR p 0 0551[tiab] OR p 0 0552[tiab] OR p 0 0553[tiab] OR p 0 0554[tiab] OR p 0 05548[tiab] OR p 0 0556[tiab] OR p 0 0557[tiab] OR p 0 0558[tiab] OR p 0 0559[tiab] OR p 0 056[tiab] OR p 0 0560[tiab] OR p 0 0561[tiab] OR p 0 0562[tiab] OR p 0 0563[tiab] OR p 0 0564[tiab] OR p 0 0566[tiab] OR p 0 0567[tiab] OR p 0 0568[tiab] OR p 0 0569[tiab] OR p 0 057[tiab] OR p 0 0570[tiab] OR p 0 0571[tiab] OR p 0 0572[tiab] OR p 0 0573[tiab] OR p 0 0574[tiab] OR p 0 0575[tiab] OR p 0 0576[tiab] OR p 0 05760[tiab] OR p 0 0577[tiab] OR p 0 0578[tiab] OR p 0 0579[tiab] OR p 0 058[tiab] OR p 0 0580[tiab] OR p 0 0581[tiab] OR p 0 0582[tiab] OR p 0 0583[tiab] OR p 0 0584[tiab] OR p 0 05846[tiab] OR p 0 0585[tiab] OR p 0 0586[tiab] OR p 0 0587[tiab] OR p 0 0588[tiab] OR p 0 0589[tiab] OR p 0 05891[tiab] OR p 0 059[tiab] OR p 0 0590[tiab] OR p 0 0591[tiab] OR p 0 0592[tiab] OR p 0 0593[tiab] OR p 0 0594[tiab] OR p 0 0595[tiab] OR p 0 0596[tiab] OR p 0 0597[tiab] OR p 0 0598[tiab] OR p 0 0599[tiab] OR p 0 05a[tiab] OR p 0 05and[tiab] OR p 0 05for[tiab] OR p 0 05u[tiab] OR p 0 05vs[tiab] OR p 0 05vsho[tiab])))) NOT (p=.06* [tiab] OR p=0.06*[tiab])))) Filters: Dietary Supplements",149,18:11:18,5/9/16,orig,a,dss
#29,"Search ((((((((p=.04* [tiab] OR p=0.04* [tiab]))) NOT ((p=.03* [tiab] OR p=0.03* [tiab]))) NOT (((p 05,05[tiab] OR p 050[tiab] OR p 0500[tiab] OR p 05006[tiab] OR p 0501[tiab] OR p 0501a[tiab] OR p 0502[tiab] OR p 0505[tiab] OR p 0507[tiab] OR p 051[tiab] OR p 0511[tiab] OR p 0513[tiab] OR p 0514[tiab] OR p 0515[tiab] OR p 0518[tiab] OR p 0519[tiab] OR p 052[tiab] OR p 0529[tiab] OR p 053[tiab] OR p 0537[tiab] OR p 054[tiab] OR p 0542[tiab] OR p 055[tiab] OR p 0557[tiab] OR p 056[tiab] OR p 0566[tiab] OR p 057[tiab] OR p 0571[tiab] OR p 0573[tiab] OR p 058[tiab] OR p 0583[tiab] OR p 0585[tiab] OR p 0588[tiab] OR p 059[tiab] OR p 0591[tiab] OR p 0594[tiab] OR p 0595[tiab] OR p 0597[tiab]) OR (p 0 05,15[tiab] OR p 0 05,863[tiab] OR p 0 05,95[tiab] OR p 0 050[tiab] OR p 0 0500[tiab] OR p 0 0501[tiab] OR p 0 0502[tiab] OR p 0 0503[tiab] OR p 0 0504[tiab] OR p 0 0505[tiab] OR p 0 0505385[tiab] OR p 0 0506[tiab] OR p 0 0507[tiab] OR p 0 0508[tiab] OR p 0 0509[tiab] OR p 0 051[tiab] OR p 0 0510[tiab] OR p 0 0511[tiab] OR p 0 0512[tiab] OR p 0 0513[tiab] OR p 0 0514[tiab] OR p 0 0515[tiab] OR p 0 0516[tiab] OR p 0 0517[tiab] OR p 0 0518[tiab] OR p 0 0519[tiab] OR p 0 052[tiab] OR p 0 0520[tiab] OR p 0 0522[tiab] OR p 0 0523[tiab] OR p 0 0524[tiab] OR p 0 0525[tiab] OR p 0 052574[tiab] OR p 0 0526[tiab] OR p 0 0527[tiab] OR p 0 0529[tiab] OR p 0 053[tiab] OR p 0 0530[tiab] OR p 0 0531[tiab] OR p 0 0532[tiab] OR p 0 0533[tiab] OR p 0 0534[tiab] OR p 0 0535[tiab] OR p 0 0536[tiab] OR p 0 0537[tiab] OR p 0 0539[tiab] OR p 0 054[tiab] OR p 0 0540[tiab] OR p 0 0541[tiab] OR p 0 0542[tiab] OR p 0 0543[tiab] OR p 0 0544[tiab] OR p 0 0545[tiab] OR p 0 0546[tiab] OR p 0 0547[tiab] OR p 0 0548[tiab] OR p 0 0549[tiab] OR p 0 055[tiab] OR p 0 0550[tiab] OR p 0 0551[tiab] OR p 0 0552[tiab] OR p 0 0553[tiab] OR p 0 0554[tiab] OR p 0 05548[tiab] OR p 0 0556[tiab] OR p 0 0557[tiab] OR p 0 0558[tiab] OR p 0 0559[tiab] OR p 0 056[tiab] OR p 0 0560[tiab] OR p 0 0561[tiab] OR p 0 0562[tiab] OR p 0 0563[tiab] OR p 0 0564[tiab] OR p 0 0566[tiab] OR p 0 0567[tiab] OR p 0 0568[tiab] OR p 0 0569[tiab] OR p 0 057[tiab] OR p 0 0570[tiab] OR p 0 0571[tiab] OR p 0 0572[tiab] OR p 0 0573[tiab] OR p 0 0574[tiab] OR p 0 0575[tiab] OR p 0 0576[tiab] OR p 0 05760[tiab] OR p 0 0577[tiab] OR p 0 0578[tiab] OR p 0 0579[tiab] OR p 0 058[tiab] OR p 0 0580[tiab] OR p 0 0581[tiab] OR p 0 0582[tiab] OR p 0 0583[tiab] OR p 0 0584[tiab] OR p 0 05846[tiab] OR p 0 0585[tiab] OR p 0 0586[tiab] OR p 0 0587[tiab] OR p 0 0588[tiab] OR p 0 0589[tiab] OR p 0 05891[tiab] OR p 0 059[tiab] OR p 0 0590[tiab] OR p 0 0591[tiab] OR p 0 0592[tiab] OR p 0 0593[tiab] OR p 0 0594[tiab] OR p 0 0595[tiab] OR p 0 0596[tiab] OR p 0 0597[tiab] OR p 0 0598[tiab] OR p 0 0599[tiab] OR p 0 05a[tiab] OR p 0 05and[tiab] OR p 0 05for[tiab] OR p 0 05u[tiab] OR p 0 05vs[tiab] OR p 0 05vsho[tiab])))) NOT (p=.06* [tiab] OR p=0.06*[tiab])))) AND ((((t-test [tiab] OR anova [tiab] OR ancova [tiab] OR ""mixed model"" [tiab]))) NOT ((nonparametric [tiab] OR non-parametric [tiab] OR wlicoxon-rank [tiab] OR ""wilcoxon rank"" [tiab] OR kruskal-wallis [tiab] OR ""kruskal wallis"" [tiab] OR transformation [tiab] OR (outlier* [tiab] AND remov* [tiab]))))) Filters: Dietary Supplements",114,18:10:46,5/9/16,orig,a,dss
#28,"Search (((((((((p 05,05[tiab] OR p 050[tiab] OR p 0500[tiab] OR p 05006[tiab] OR p 0501[tiab] OR p 0501a[tiab] OR p 0502[tiab] OR p 0505[tiab] OR p 0507[tiab] OR p 051[tiab] OR p 0511[tiab] OR p 0513[tiab] OR p 0514[tiab] OR p 0515[tiab] OR p 0518[tiab] OR p 0519[tiab] OR p 052[tiab] OR p 0529[tiab] OR p 053[tiab] OR p 0537[tiab] OR p 054[tiab] OR p 0542[tiab] OR p 055[tiab] OR p 0557[tiab] OR p 056[tiab] OR p 0566[tiab] OR p 057[tiab] OR p 0571[tiab] OR p 0573[tiab] OR p 058[tiab] OR p 0583[tiab] OR p 0585[tiab] OR p 0588[tiab] OR p 059[tiab] OR p 0591[tiab] OR p 0594[tiab] OR p 0595[tiab] OR p 0597[tiab]) OR (p 0 05,15[tiab] OR p 0 05,863[tiab] OR p 0 05,95[tiab] OR p 0 050[tiab] OR p 0 0500[tiab] OR p 0 0501[tiab] OR p 0 0502[tiab] OR p 0 0503[tiab] OR p 0 0504[tiab] OR p 0 0505[tiab] OR p 0 0505385[tiab] OR p 0 0506[tiab] OR p 0 0507[tiab] OR p 0 0508[tiab] OR p 0 0509[tiab] OR p 0 051[tiab] OR p 0 0510[tiab] OR p 0 0511[tiab] OR p 0 0512[tiab] OR p 0 0513[tiab] OR p 0 0514[tiab] OR p 0 0515[tiab] OR p 0 0516[tiab] OR p 0 0517[tiab] OR p 0 0518[tiab] OR p 0 0519[tiab] OR p 0 052[tiab] OR p 0 0520[tiab] OR p 0 0522[tiab] OR p 0 0523[tiab] OR p 0 0524[tiab] OR p 0 0525[tiab] OR p 0 052574[tiab] OR p 0 0526[tiab] OR p 0 0527[tiab] OR p 0 0529[tiab] OR p 0 053[tiab] OR p 0 0530[tiab] OR p 0 0531[tiab] OR p 0 0532[tiab] OR p 0 0533[tiab] OR p 0 0534[tiab] OR p 0 0535[tiab] OR p 0 0536[tiab] OR p 0 0537[tiab] OR p 0 0539[tiab] OR p 0 054[tiab] OR p 0 0540[tiab] OR p 0 0541[tiab] OR p 0 0542[tiab] OR p 0 0543[tiab] OR p 0 0544[tiab] OR p 0 0545[tiab] OR p 0 0546[tiab] OR p 0 0547[tiab] OR p 0 0548[tiab] OR p 0 0549[tiab] OR p 0 055[tiab] OR p 0 0550[tiab] OR p 0 0551[tiab] OR p 0 0552[tiab] OR p 0 0553[tiab] OR p 0 0554[tiab] OR p 0 05548[tiab] OR p 0 0556[tiab] OR p 0 0557[tiab] OR p 0 0558[tiab] OR p 0 0559[tiab] OR p 0 056[tiab] OR p 0 0560[tiab] OR p 0 0561[tiab] OR p 0 0562[tiab] OR p 0 0563[tiab] OR p 0 0564[tiab] OR p 0 0566[tiab] OR p 0 0567[tiab] OR p 0 0568[tiab] OR p 0 0569[tiab] OR p 0 057[tiab] OR p 0 0570[tiab] OR p 0 0571[tiab] OR p 0 0572[tiab] OR p 0 0573[tiab] OR p 0 0574[tiab] OR p 0 0575[tiab] OR p 0 0576[tiab] OR p 0 05760[tiab] OR p 0 0577[tiab] OR p 0 0578[tiab] OR p 0 0579[tiab] OR p 0 058[tiab] OR p 0 0580[tiab] OR p 0 0581[tiab] OR p 0 0582[tiab] OR p 0 0583[tiab] OR p 0 0584[tiab] OR p 0 05846[tiab] OR p 0 0585[tiab] OR p 0 0586[tiab] OR p 0 0587[tiab] OR p 0 0588[tiab] OR p 0 0589[tiab] OR p 0 05891[tiab] OR p 0 059[tiab] OR p 0 0590[tiab] OR p 0 0591[tiab] OR p 0 0592[tiab] OR p 0 0593[tiab] OR p 0 0594[tiab] OR p 0 0595[tiab] OR p 0 0596[tiab] OR p 0 0597[tiab] OR p 0 0598[tiab] OR p 0 0599[tiab] OR p 0 05a[tiab] OR p 0 05and[tiab] OR p 0 05for[tiab] OR p 0 05u[tiab] OR p 0 05vs[tiab] OR p 0 05vsho[tiab])))) NOT ((p=.03* [tiab] OR p=0.03* [tiab]))) NOT ((p=.04* [tiab] OR p=0.04* [tiab]))) NOT (p=.06* [tiab] OR p=0.06*[tiab])))) AND ((((t-test [tiab] OR anova [tiab] OR ancova [tiab] OR ""mixed model"" [tiab]))) NOT ((nonparametric [tiab] OR non-parametric [tiab] OR wlicoxon-rank [tiab] OR ""wilcoxon rank"" [tiab] OR kruskal-wallis [tiab] OR ""kruskal wallis"" [tiab] OR transformation [tiab] OR (outlier* [tiab] AND remov* [tiab]))))) Filters: Dietary Supplements",17,18:10:14,5/9/16,orig,a,dss
#27,"Search (((((((p=.06* [tiab] OR p=0.06*[tiab]))) NOT ((p=.03* [tiab] OR p=0.03* [tiab]))) NOT ((p=.04* [tiab] OR p=0.04* [tiab]))) NOT (((p 05,05[tiab] OR p 050[tiab] OR p 0500[tiab] OR p 05006[tiab] OR p 0501[tiab] OR p 0501a[tiab] OR p 0502[tiab] OR p 0505[tiab] OR p 0507[tiab] OR p 051[tiab] OR p 0511[tiab] OR p 0513[tiab] OR p 0514[tiab] OR p 0515[tiab] OR p 0518[tiab] OR p 0519[tiab] OR p 052[tiab] OR p 0529[tiab] OR p 053[tiab] OR p 0537[tiab] OR p 054[tiab] OR p 0542[tiab] OR p 055[tiab] OR p 0557[tiab] OR p 056[tiab] OR p 0566[tiab] OR p 057[tiab] OR p 0571[tiab] OR p 0573[tiab] OR p 058[tiab] OR p 0583[tiab] OR p 0585[tiab] OR p 0588[tiab] OR p 059[tiab] OR p 0591[tiab] OR p 0594[tiab] OR p 0595[tiab] OR p 0597[tiab]) OR (p 0 05,15[tiab] OR p 0 05,863[tiab] OR p 0 05,95[tiab] OR p 0 050[tiab] OR p 0 0500[tiab] OR p 0 0501[tiab] OR p 0 0502[tiab] OR p 0 0503[tiab] OR p 0 0504[tiab] OR p 0 0505[tiab] OR p 0 0505385[tiab] OR p 0 0506[tiab] OR p 0 0507[tiab] OR p 0 0508[tiab] OR p 0 0509[tiab] OR p 0 051[tiab] OR p 0 0510[tiab] OR p 0 0511[tiab] OR p 0 0512[tiab] OR p 0 0513[tiab] OR p 0 0514[tiab] OR p 0 0515[tiab] OR p 0 0516[tiab] OR p 0 0517[tiab] OR p 0 0518[tiab] OR p 0 0519[tiab] OR p 0 052[tiab] OR p 0 0520[tiab] OR p 0 0522[tiab] OR p 0 0523[tiab] OR p 0 0524[tiab] OR p 0 0525[tiab] OR p 0 052574[tiab] OR p 0 0526[tiab] OR p 0 0527[tiab] OR p 0 0529[tiab] OR p 0 053[tiab] OR p 0 0530[tiab] OR p 0 0531[tiab] OR p 0 0532[tiab] OR p 0 0533[tiab] OR p 0 0534[tiab] OR p 0 0535[tiab] OR p 0 0536[tiab] OR p 0 0537[tiab] OR p 0 0539[tiab] OR p 0 054[tiab] OR p 0 0540[tiab] OR p 0 0541[tiab] OR p 0 0542[tiab] OR p 0 0543[tiab] OR p 0 0544[tiab] OR p 0 0545[tiab] OR p 0 0546[tiab] OR p 0 0547[tiab] OR p 0 0548[tiab] OR p 0 0549[tiab] OR p 0 055[tiab] OR p 0 0550[tiab] OR p 0 0551[tiab] OR p 0 0552[tiab] OR p 0 0553[tiab] OR p 0 0554[tiab] OR p 0 05548[tiab] OR p 0 0556[tiab] OR p 0 0557[tiab] OR p 0 0558[tiab] OR p 0 0559[tiab] OR p 0 056[tiab] OR p 0 0560[tiab] OR p 0 0561[tiab] OR p 0 0562[tiab] OR p 0 0563[tiab] OR p 0 0564[tiab] OR p 0 0566[tiab] OR p 0 0567[tiab] OR p 0 0568[tiab] OR p 0 0569[tiab] OR p 0 057[tiab] OR p 0 0570[tiab] OR p 0 0571[tiab] OR p 0 0572[tiab] OR p 0 0573[tiab] OR p 0 0574[tiab] OR p 0 0575[tiab] OR p 0 0576[tiab] OR p 0 05760[tiab] OR p 0 0577[tiab] OR p 0 0578[tiab] OR p 0 0579[tiab] OR p 0 058[tiab] OR p 0 0580[tiab] OR p 0 0581[tiab] OR p 0 0582[tiab] OR p 0 0583[tiab] OR p 0 0584[tiab] OR p 0 05846[tiab] OR p 0 0585[tiab] OR p 0 0586[tiab] OR p 0 0587[tiab] OR p 0 0588[tiab] OR p 0 0589[tiab] OR p 0 05891[tiab] OR p 0 059[tiab] OR p 0 0590[tiab] OR p 0 0591[tiab] OR p 0 0592[tiab] OR p 0 0593[tiab] OR p 0 0594[tiab] OR p 0 0595[tiab] OR p 0 0596[tiab] OR p 0 0597[tiab] OR p 0 0598[tiab] OR p 0 0599[tiab] OR p 0 05a[tiab] OR p 0 05and[tiab] OR p 0 05for[tiab] OR p 0 05u[tiab] OR p 0 05vs[tiab] OR p 0 05vsho[tiab]))))) AND ((((t-test [tiab] OR anova [tiab] OR ancova [tiab] OR ""mixed model"" [tiab]))) NOT ((nonparametric [tiab] OR non-parametric [tiab] OR wlicoxon-rank [tiab] OR ""wilcoxon rank"" [tiab] OR kruskal-wallis [tiab] OR ""kruskal wallis"" [tiab] OR transformation [tiab] OR (outlier* [tiab] AND remov* [tiab]))))) Filters: Dietary Supplements",18,18:09:50,5/9/16,orig,a,dss
#26,"Search ((((((((p=.03* [tiab] OR p=0.03* [tiab]))) NOT ((p=.04* [tiab] OR p=0.04* [tiab]))) NOT (((p 05,05[tiab] OR p 050[tiab] OR p 0500[tiab] OR p 05006[tiab] OR p 0501[tiab] OR p 0501a[tiab] OR p 0502[tiab] OR p 0505[tiab] OR p 0507[tiab] OR p 051[tiab] OR p 0511[tiab] OR p 0513[tiab] OR p 0514[tiab] OR p 0515[tiab] OR p 0518[tiab] OR p 0519[tiab] OR p 052[tiab] OR p 0529[tiab] OR p 053[tiab] OR p 0537[tiab] OR p 054[tiab] OR p 0542[tiab] OR p 055[tiab] OR p 0557[tiab] OR p 056[tiab] OR p 0566[tiab] OR p 057[tiab] OR p 0571[tiab] OR p 0573[tiab] OR p 058[tiab] OR p 0583[tiab] OR p 0585[tiab] OR p 0588[tiab] OR p 059[tiab] OR p 0591[tiab] OR p 0594[tiab] OR p 0595[tiab] OR p 0597[tiab]) OR (p 0 05,15[tiab] OR p 0 05,863[tiab] OR p 0 05,95[tiab] OR p 0 050[tiab] OR p 0 0500[tiab] OR p 0 0501[tiab] OR p 0 0502[tiab] OR p 0 0503[tiab] OR p 0 0504[tiab] OR p 0 0505[tiab] OR p 0 0505385[tiab] OR p 0 0506[tiab] OR p 0 0507[tiab] OR p 0 0508[tiab] OR p 0 0509[tiab] OR p 0 051[tiab] OR p 0 0510[tiab] OR p 0 0511[tiab] OR p 0 0512[tiab] OR p 0 0513[tiab] OR p 0 0514[tiab] OR p 0 0515[tiab] OR p 0 0516[tiab] OR p 0 0517[tiab] OR p 0 0518[tiab] OR p 0 0519[tiab] OR p 0 052[tiab] OR p 0 0520[tiab] OR p 0 0522[tiab] OR p 0 0523[tiab] OR p 0 0524[tiab] OR p 0 0525[tiab] OR p 0 052574[tiab] OR p 0 0526[tiab] OR p 0 0527[tiab] OR p 0 0529[tiab] OR p 0 053[tiab] OR p 0 0530[tiab] OR p 0 0531[tiab] OR p 0 0532[tiab] OR p 0 0533[tiab] OR p 0 0534[tiab] OR p 0 0535[tiab] OR p 0 0536[tiab] OR p 0 0537[tiab] OR p 0 0539[tiab] OR p 0 054[tiab] OR p 0 0540[tiab] OR p 0 0541[tiab] OR p 0 0542[tiab] OR p 0 0543[tiab] OR p 0 0544[tiab] OR p 0 0545[tiab] OR p 0 0546[tiab] OR p 0 0547[tiab] OR p 0 0548[tiab] OR p 0 0549[tiab] OR p 0 055[tiab] OR p 0 0550[tiab] OR p 0 0551[tiab] OR p 0 0552[tiab] OR p 0 0553[tiab] OR p 0 0554[tiab] OR p 0 05548[tiab] OR p 0 0556[tiab] OR p 0 0557[tiab] OR p 0 0558[tiab] OR p 0 0559[tiab] OR p 0 056[tiab] OR p 0 0560[tiab] OR p 0 0561[tiab] OR p 0 0562[tiab] OR p 0 0563[tiab] OR p 0 0564[tiab] OR p 0 0566[tiab] OR p 0 0567[tiab] OR p 0 0568[tiab] OR p 0 0569[tiab] OR p 0 057[tiab] OR p 0 0570[tiab] OR p 0 0571[tiab] OR p 0 0572[tiab] OR p 0 0573[tiab] OR p 0 0574[tiab] OR p 0 0575[tiab] OR p 0 0576[tiab] OR p 0 05760[tiab] OR p 0 0577[tiab] OR p 0 0578[tiab] OR p 0 0579[tiab] OR p 0 058[tiab] OR p 0 0580[tiab] OR p 0 0581[tiab] OR p 0 0582[tiab] OR p 0 0583[tiab] OR p 0 0584[tiab] OR p 0 05846[tiab] OR p 0 0585[tiab] OR p 0 0586[tiab] OR p 0 0587[tiab] OR p 0 0588[tiab] OR p 0 0589[tiab] OR p 0 05891[tiab] OR p 0 059[tiab] OR p 0 0590[tiab] OR p 0 0591[tiab] OR p 0 0592[tiab] OR p 0 0593[tiab] OR p 0 0594[tiab] OR p 0 0595[tiab] OR p 0 0596[tiab] OR p 0 0597[tiab] OR p 0 0598[tiab] OR p 0 0599[tiab] OR p 0 05a[tiab] OR p 0 05and[tiab] OR p 0 05for[tiab] OR p 0 05u[tiab] OR p 0 05vs[tiab] OR p 0 05vsho[tiab])))) NOT (p=.06* [tiab] OR p=0.06*[tiab])))) AND ((((nonparametric [tiab] OR non-parametric [tiab] OR wlicoxon-rank [tiab] OR ""wilcoxon rank"" [tiab] OR kruskal-wallis [tiab] OR ""kruskal wallis"" [tiab] OR transformation [tiab] OR (outlier* [tiab] AND remov* [tiab])))) NOT ((t-test [tiab] OR anova [tiab] OR ancova [tiab] OR ""mixed model"" [tiab])))) Filters: Dietary Supplements",30,18:09:24,5/9/16,orig,a,dss
#25,"Search ((((((((p=.04* [tiab] OR p=0.04* [tiab]))) NOT ((p=.03* [tiab] OR p=0.03* [tiab]))) NOT (((p 05,05[tiab] OR p 050[tiab] OR p 0500[tiab] OR p 05006[tiab] OR p 0501[tiab] OR p 0501a[tiab] OR p 0502[tiab] OR p 0505[tiab] OR p 0507[tiab] OR p 051[tiab] OR p 0511[tiab] OR p 0513[tiab] OR p 0514[tiab] OR p 0515[tiab] OR p 0518[tiab] OR p 0519[tiab] OR p 052[tiab] OR p 0529[tiab] OR p 053[tiab] OR p 0537[tiab] OR p 054[tiab] OR p 0542[tiab] OR p 055[tiab] OR p 0557[tiab] OR p 056[tiab] OR p 0566[tiab] OR p 057[tiab] OR p 0571[tiab] OR p 0573[tiab] OR p 058[tiab] OR p 0583[tiab] OR p 0585[tiab] OR p 0588[tiab] OR p 059[tiab] OR p 0591[tiab] OR p 0594[tiab] OR p 0595[tiab] OR p 0597[tiab]) OR (p 0 05,15[tiab] OR p 0 05,863[tiab] OR p 0 05,95[tiab] OR p 0 050[tiab] OR p 0 0500[tiab] OR p 0 0501[tiab] OR p 0 0502[tiab] OR p 0 0503[tiab] OR p 0 0504[tiab] OR p 0 0505[tiab] OR p 0 0505385[tiab] OR p 0 0506[tiab] OR p 0 0507[tiab] OR p 0 0508[tiab] OR p 0 0509[tiab] OR p 0 051[tiab] OR p 0 0510[tiab] OR p 0 0511[tiab] OR p 0 0512[tiab] OR p 0 0513[tiab] OR p 0 0514[tiab] OR p 0 0515[tiab] OR p 0 0516[tiab] OR p 0 0517[tiab] OR p 0 0518[tiab] OR p 0 0519[tiab] OR p 0 052[tiab] OR p 0 0520[tiab] OR p 0 0522[tiab] OR p 0 0523[tiab] OR p 0 0524[tiab] OR p 0 0525[tiab] OR p 0 052574[tiab] OR p 0 0526[tiab] OR p 0 0527[tiab] OR p 0 0529[tiab] OR p 0 053[tiab] OR p 0 0530[tiab] OR p 0 0531[tiab] OR p 0 0532[tiab] OR p 0 0533[tiab] OR p 0 0534[tiab] OR p 0 0535[tiab] OR p 0 0536[tiab] OR p 0 0537[tiab] OR p 0 0539[tiab] OR p 0 054[tiab] OR p 0 0540[tiab] OR p 0 0541[tiab] OR p 0 0542[tiab] OR p 0 0543[tiab] OR p 0 0544[tiab] OR p 0 0545[tiab] OR p 0 0546[tiab] OR p 0 0547[tiab] OR p 0 0548[tiab] OR p 0 0549[tiab] OR p 0 055[tiab] OR p 0 0550[tiab] OR p 0 0551[tiab] OR p 0 0552[tiab] OR p 0 0553[tiab] OR p 0 0554[tiab] OR p 0 05548[tiab] OR p 0 0556[tiab] OR p 0 0557[tiab] OR p 0 0558[tiab] OR p 0 0559[tiab] OR p 0 056[tiab] OR p 0 0560[tiab] OR p 0 0561[tiab] OR p 0 0562[tiab] OR p 0 0563[tiab] OR p 0 0564[tiab] OR p 0 0566[tiab] OR p 0 0567[tiab] OR p 0 0568[tiab] OR p 0 0569[tiab] OR p 0 057[tiab] OR p 0 0570[tiab] OR p 0 0571[tiab] OR p 0 0572[tiab] OR p 0 0573[tiab] OR p 0 0574[tiab] OR p 0 0575[tiab] OR p 0 0576[tiab] OR p 0 05760[tiab] OR p 0 0577[tiab] OR p 0 0578[tiab] OR p 0 0579[tiab] OR p 0 058[tiab] OR p 0 0580[tiab] OR p 0 0581[tiab] OR p 0 0582[tiab] OR p 0 0583[tiab] OR p 0 0584[tiab] OR p 0 05846[tiab] OR p 0 0585[tiab] OR p 0 0586[tiab] OR p 0 0587[tiab] OR p 0 0588[tiab] OR p 0 0589[tiab] OR p 0 05891[tiab] OR p 0 059[tiab] OR p 0 0590[tiab] OR p 0 0591[tiab] OR p 0 0592[tiab] OR p 0 0593[tiab] OR p 0 0594[tiab] OR p 0 0595[tiab] OR p 0 0596[tiab] OR p 0 0597[tiab] OR p 0 0598[tiab] OR p 0 0599[tiab] OR p 0 05a[tiab] OR p 0 05and[tiab] OR p 0 05for[tiab] OR p 0 05u[tiab] OR p 0 05vs[tiab] OR p 0 05vsho[tiab])))) NOT (p=.06* [tiab] OR p=0.06*[tiab])))) AND ((((nonparametric [tiab] OR non-parametric [tiab] OR wlicoxon-rank [tiab] OR ""wilcoxon rank"" [tiab] OR kruskal-wallis [tiab] OR ""kruskal wallis"" [tiab] OR transformation [tiab] OR (outlier* [tiab] AND remov* [tiab])))) NOT ((t-test [tiab] OR anova [tiab] OR ancova [tiab] OR ""mixed model"" [tiab])))) Filters: Dietary Supplements",27,18:08:58,5/9/16,orig,a,dss
#24,"Search (((((((((p 05,05[tiab] OR p 050[tiab] OR p 0500[tiab] OR p 05006[tiab] OR p 0501[tiab] OR p 0501a[tiab] OR p 0502[tiab] OR p 0505[tiab] OR p 0507[tiab] OR p 051[tiab] OR p 0511[tiab] OR p 0513[tiab] OR p 0514[tiab] OR p 0515[tiab] OR p 0518[tiab] OR p 0519[tiab] OR p 052[tiab] OR p 0529[tiab] OR p 053[tiab] OR p 0537[tiab] OR p 054[tiab] OR p 0542[tiab] OR p 055[tiab] OR p 0557[tiab] OR p 056[tiab] OR p 0566[tiab] OR p 057[tiab] OR p 0571[tiab] OR p 0573[tiab] OR p 058[tiab] OR p 0583[tiab] OR p 0585[tiab] OR p 0588[tiab] OR p 059[tiab] OR p 0591[tiab] OR p 0594[tiab] OR p 0595[tiab] OR p 0597[tiab]) OR (p 0 05,15[tiab] OR p 0 05,863[tiab] OR p 0 05,95[tiab] OR p 0 050[tiab] OR p 0 0500[tiab] OR p 0 0501[tiab] OR p 0 0502[tiab] OR p 0 0503[tiab] OR p 0 0504[tiab] OR p 0 0505[tiab] OR p 0 0505385[tiab] OR p 0 0506[tiab] OR p 0 0507[tiab] OR p 0 0508[tiab] OR p 0 0509[tiab] OR p 0 051[tiab] OR p 0 0510[tiab] OR p 0 0511[tiab] OR p 0 0512[tiab] OR p 0 0513[tiab] OR p 0 0514[tiab] OR p 0 0515[tiab] OR p 0 0516[tiab] OR p 0 0517[tiab] OR p 0 0518[tiab] OR p 0 0519[tiab] OR p 0 052[tiab] OR p 0 0520[tiab] OR p 0 0522[tiab] OR p 0 0523[tiab] OR p 0 0524[tiab] OR p 0 0525[tiab] OR p 0 052574[tiab] OR p 0 0526[tiab] OR p 0 0527[tiab] OR p 0 0529[tiab] OR p 0 053[tiab] OR p 0 0530[tiab] OR p 0 0531[tiab] OR p 0 0532[tiab] OR p 0 0533[tiab] OR p 0 0534[tiab] OR p 0 0535[tiab] OR p 0 0536[tiab] OR p 0 0537[tiab] OR p 0 0539[tiab] OR p 0 054[tiab] OR p 0 0540[tiab] OR p 0 0541[tiab] OR p 0 0542[tiab] OR p 0 0543[tiab] OR p 0 0544[tiab] OR p 0 0545[tiab] OR p 0 0546[tiab] OR p 0 0547[tiab] OR p 0 0548[tiab] OR p 0 0549[tiab] OR p 0 055[tiab] OR p 0 0550[tiab] OR p 0 0551[tiab] OR p 0 0552[tiab] OR p 0 0553[tiab] OR p 0 0554[tiab] OR p 0 05548[tiab] OR p 0 0556[tiab] OR p 0 0557[tiab] OR p 0 0558[tiab] OR p 0 0559[tiab] OR p 0 056[tiab] OR p 0 0560[tiab] OR p 0 0561[tiab] OR p 0 0562[tiab] OR p 0 0563[tiab] OR p 0 0564[tiab] OR p 0 0566[tiab] OR p 0 0567[tiab] OR p 0 0568[tiab] OR p 0 0569[tiab] OR p 0 057[tiab] OR p 0 0570[tiab] OR p 0 0571[tiab] OR p 0 0572[tiab] OR p 0 0573[tiab] OR p 0 0574[tiab] OR p 0 0575[tiab] OR p 0 0576[tiab] OR p 0 05760[tiab] OR p 0 0577[tiab] OR p 0 0578[tiab] OR p 0 0579[tiab] OR p 0 058[tiab] OR p 0 0580[tiab] OR p 0 0581[tiab] OR p 0 0582[tiab] OR p 0 0583[tiab] OR p 0 0584[tiab] OR p 0 05846[tiab] OR p 0 0585[tiab] OR p 0 0586[tiab] OR p 0 0587[tiab] OR p 0 0588[tiab] OR p 0 0589[tiab] OR p 0 05891[tiab] OR p 0 059[tiab] OR p 0 0590[tiab] OR p 0 0591[tiab] OR p 0 0592[tiab] OR p 0 0593[tiab] OR p 0 0594[tiab] OR p 0 0595[tiab] OR p 0 0596[tiab] OR p 0 0597[tiab] OR p 0 0598[tiab] OR p 0 0599[tiab] OR p 0 05a[tiab] OR p 0 05and[tiab] OR p 0 05for[tiab] OR p 0 05u[tiab] OR p 0 05vs[tiab] OR p 0 05vsho[tiab])))) NOT ((p=.03* [tiab] OR p=0.03* [tiab]))) NOT ((p=.04* [tiab] OR p=0.04* [tiab]))) NOT (p=.06* [tiab] OR p=0.06*[tiab])))) AND ((((nonparametric [tiab] OR non-parametric [tiab] OR wlicoxon-rank [tiab] OR ""wilcoxon rank"" [tiab] OR kruskal-wallis [tiab] OR ""kruskal wallis"" [tiab] OR transformation [tiab] OR (outlier* [tiab] AND remov* [tiab])))) NOT ((t-test [tiab] OR anova [tiab] OR ancova [tiab] OR ""mixed model"" [tiab])))) Schema: syn Filters: Dietary Supplements",2,18:08:37,5/9/16,orig,a,dss
#23,"Search (((((((p=.06* [tiab] OR p=0.06*[tiab]))) NOT ((p=.03* [tiab] OR p=0.03* [tiab]))) NOT ((p=.04* [tiab] OR p=0.04* [tiab]))) NOT (((p 05,05[tiab] OR p 050[tiab] OR p 0500[tiab] OR p 05006[tiab] OR p 0501[tiab] OR p 0501a[tiab] OR p 0502[tiab] OR p 0505[tiab] OR p 0507[tiab] OR p 051[tiab] OR p 0511[tiab] OR p 0513[tiab] OR p 0514[tiab] OR p 0515[tiab] OR p 0518[tiab] OR p 0519[tiab] OR p 052[tiab] OR p 0529[tiab] OR p 053[tiab] OR p 0537[tiab] OR p 054[tiab] OR p 0542[tiab] OR p 055[tiab] OR p 0557[tiab] OR p 056[tiab] OR p 0566[tiab] OR p 057[tiab] OR p 0571[tiab] OR p 0573[tiab] OR p 058[tiab] OR p 0583[tiab] OR p 0585[tiab] OR p 0588[tiab] OR p 059[tiab] OR p 0591[tiab] OR p 0594[tiab] OR p 0595[tiab] OR p 0597[tiab]) OR (p 0 05,15[tiab] OR p 0 05,863[tiab] OR p 0 05,95[tiab] OR p 0 050[tiab] OR p 0 0500[tiab] OR p 0 0501[tiab] OR p 0 0502[tiab] OR p 0 0503[tiab] OR p 0 0504[tiab] OR p 0 0505[tiab] OR p 0 0505385[tiab] OR p 0 0506[tiab] OR p 0 0507[tiab] OR p 0 0508[tiab] OR p 0 0509[tiab] OR p 0 051[tiab] OR p 0 0510[tiab] OR p 0 0511[tiab] OR p 0 0512[tiab] OR p 0 0513[tiab] OR p 0 0514[tiab] OR p 0 0515[tiab] OR p 0 0516[tiab] OR p 0 0517[tiab] OR p 0 0518[tiab] OR p 0 0519[tiab] OR p 0 052[tiab] OR p 0 0520[tiab] OR p 0 0522[tiab] OR p 0 0523[tiab] OR p 0 0524[tiab] OR p 0 0525[tiab] OR p 0 052574[tiab] OR p 0 0526[tiab] OR p 0 0527[tiab] OR p 0 0529[tiab] OR p 0 053[tiab] OR p 0 0530[tiab] OR p 0 0531[tiab] OR p 0 0532[tiab] OR p 0 0533[tiab] OR p 0 0534[tiab] OR p 0 0535[tiab] OR p 0 0536[tiab] OR p 0 0537[tiab] OR p 0 0539[tiab] OR p 0 054[tiab] OR p 0 0540[tiab] OR p 0 0541[tiab] OR p 0 0542[tiab] OR p 0 0543[tiab] OR p 0 0544[tiab] OR p 0 0545[tiab] OR p 0 0546[tiab] OR p 0 0547[tiab] OR p 0 0548[tiab] OR p 0 0549[tiab] OR p 0 055[tiab] OR p 0 0550[tiab] OR p 0 0551[tiab] OR p 0 0552[tiab] OR p 0 0553[tiab] OR p 0 0554[tiab] OR p 0 05548[tiab] OR p 0 0556[tiab] OR p 0 0557[tiab] OR p 0 0558[tiab] OR p 0 0559[tiab] OR p 0 056[tiab] OR p 0 0560[tiab] OR p 0 0561[tiab] OR p 0 0562[tiab] OR p 0 0563[tiab] OR p 0 0564[tiab] OR p 0 0566[tiab] OR p 0 0567[tiab] OR p 0 0568[tiab] OR p 0 0569[tiab] OR p 0 057[tiab] OR p 0 0570[tiab] OR p 0 0571[tiab] OR p 0 0572[tiab] OR p 0 0573[tiab] OR p 0 0574[tiab] OR p 0 0575[tiab] OR p 0 0576[tiab] OR p 0 05760[tiab] OR p 0 0577[tiab] OR p 0 0578[tiab] OR p 0 0579[tiab] OR p 0 058[tiab] OR p 0 0580[tiab] OR p 0 0581[tiab] OR p 0 0582[tiab] OR p 0 0583[tiab] OR p 0 0584[tiab] OR p 0 05846[tiab] OR p 0 0585[tiab] OR p 0 0586[tiab] OR p 0 0587[tiab] OR p 0 0588[tiab] OR p 0 0589[tiab] OR p 0 05891[tiab] OR p 0 059[tiab] OR p 0 0590[tiab] OR p 0 0591[tiab] OR p 0 0592[tiab] OR p 0 0593[tiab] OR p 0 0594[tiab] OR p 0 0595[tiab] OR p 0 0596[tiab] OR p 0 0597[tiab] OR p 0 0598[tiab] OR p 0 0599[tiab] OR p 0 05a[tiab] OR p 0 05and[tiab] OR p 0 05for[tiab] OR p 0 05u[tiab] OR p 0 05vs[tiab] OR p 0 05vsho[tiab]))))) AND ((((nonparametric [tiab] OR non-parametric [tiab] OR wlicoxon-rank [tiab] OR ""wilcoxon rank"" [tiab] OR kruskal-wallis [tiab] OR ""kruskal wallis"" [tiab] OR transformation [tiab] OR (outlier* [tiab] AND remov* [tiab])))) NOT ((t-test [tiab] OR anova [tiab] OR ancova [tiab] OR ""mixed model"" [tiab])))) Filters: Dietary Supplements",6,18:07:49,5/9/16,orig,a,dss
#21,"Search ((((((p=.06* [tiab] OR p=0.06*[tiab]))) NOT ((p=.03* [tiab] OR p=0.03* [tiab]))) NOT ((p=.04* [tiab] OR p=0.04* [tiab]))) NOT (((p 05,05[tiab] OR p 050[tiab] OR p 0500[tiab] OR p 05006[tiab] OR p 0501[tiab] OR p 0501a[tiab] OR p 0502[tiab] OR p 0505[tiab] OR p 0507[tiab] OR p 051[tiab] OR p 0511[tiab] OR p 0513[tiab] OR p 0514[tiab] OR p 0515[tiab] OR p 0518[tiab] OR p 0519[tiab] OR p 052[tiab] OR p 0529[tiab] OR p 053[tiab] OR p 0537[tiab] OR p 054[tiab] OR p 0542[tiab] OR p 055[tiab] OR p 0557[tiab] OR p 056[tiab] OR p 0566[tiab] OR p 057[tiab] OR p 0571[tiab] OR p 0573[tiab] OR p 058[tiab] OR p 0583[tiab] OR p 0585[tiab] OR p 0588[tiab] OR p 059[tiab] OR p 0591[tiab] OR p 0594[tiab] OR p 0595[tiab] OR p 0597[tiab]) OR (p 0 05,15[tiab] OR p 0 05,863[tiab] OR p 0 05,95[tiab] OR p 0 050[tiab] OR p 0 0500[tiab] OR p 0 0501[tiab] OR p 0 0502[tiab] OR p 0 0503[tiab] OR p 0 0504[tiab] OR p 0 0505[tiab] OR p 0 0505385[tiab] OR p 0 0506[tiab] OR p 0 0507[tiab] OR p 0 0508[tiab] OR p 0 0509[tiab] OR p 0 051[tiab] OR p 0 0510[tiab] OR p 0 0511[tiab] OR p 0 0512[tiab] OR p 0 0513[tiab] OR p 0 0514[tiab] OR p 0 0515[tiab] OR p 0 0516[tiab] OR p 0 0517[tiab] OR p 0 0518[tiab] OR p 0 0519[tiab] OR p 0 052[tiab] OR p 0 0520[tiab] OR p 0 0522[tiab] OR p 0 0523[tiab] OR p 0 0524[tiab] OR p 0 0525[tiab] OR p 0 052574[tiab] OR p 0 0526[tiab] OR p 0 0527[tiab] OR p 0 0529[tiab] OR p 0 053[tiab] OR p 0 0530[tiab] OR p 0 0531[tiab] OR p 0 0532[tiab] OR p 0 0533[tiab] OR p 0 0534[tiab] OR p 0 0535[tiab] OR p 0 0536[tiab] OR p 0 0537[tiab] OR p 0 0539[tiab] OR p 0 054[tiab] OR p 0 0540[tiab] OR p 0 0541[tiab] OR p 0 0542[tiab] OR p 0 0543[tiab] OR p 0 0544[tiab] OR p 0 0545[tiab] OR p 0 0546[tiab] OR p 0 0547[tiab] OR p 0 0548[tiab] OR p 0 0549[tiab] OR p 0 055[tiab] OR p 0 0550[tiab] OR p 0 0551[tiab] OR p 0 0552[tiab] OR p 0 0553[tiab] OR p 0 0554[tiab] OR p 0 05548[tiab] OR p 0 0556[tiab] OR p 0 0557[tiab] OR p 0 0558[tiab] OR p 0 0559[tiab] OR p 0 056[tiab] OR p 0 0560[tiab] OR p 0 0561[tiab] OR p 0 0562[tiab] OR p 0 0563[tiab] OR p 0 0564[tiab] OR p 0 0566[tiab] OR p 0 0567[tiab] OR p 0 0568[tiab] OR p 0 0569[tiab] OR p 0 057[tiab] OR p 0 0570[tiab] OR p 0 0571[tiab] OR p 0 0572[tiab] OR p 0 0573[tiab] OR p 0 0574[tiab] OR p 0 0575[tiab] OR p 0 0576[tiab] OR p 0 05760[tiab] OR p 0 0577[tiab] OR p 0 0578[tiab] OR p 0 0579[tiab] OR p 0 058[tiab] OR p 0 0580[tiab] OR p 0 0581[tiab] OR p 0 0582[tiab] OR p 0 0583[tiab] OR p 0 0584[tiab] OR p 0 05846[tiab] OR p 0 0585[tiab] OR p 0 0586[tiab] OR p 0 0587[tiab] OR p 0 0588[tiab] OR p 0 0589[tiab] OR p 0 05891[tiab] OR p 0 059[tiab] OR p 0 0590[tiab] OR p 0 0591[tiab] OR p 0 0592[tiab] OR p 0 0593[tiab] OR p 0 0594[tiab] OR p 0 0595[tiab] OR p 0 0596[tiab] OR p 0 0597[tiab] OR p 0 0598[tiab] OR p 0 0599[tiab] OR p 0 05a[tiab] OR p 0 05and[tiab] OR p 0 05for[tiab] OR p 0 05u[tiab] OR p 0 05vs[tiab] OR p 0 05vsho[tiab]))))) AND ((((nonparametric [tiab] OR non-parametric [tiab] OR wlicoxon-rank [tiab] OR ""wilcoxon rank"" [tiab] OR kruskal-wallis [tiab] OR ""kruskal wallis"" [tiab] OR transformation [tiab] OR (outlier* [tiab] AND remov* [tiab])))) NOT ((t-test [tiab] OR anova [tiab] OR ancova [tiab] OR ""mixed model"" [tiab])))",217,18:05:33,5/9/16,rep,a,pm
#20,"Search ((((((((p 05,05[tiab] OR p 050[tiab] OR p 0500[tiab] OR p 05006[tiab] OR p 0501[tiab] OR p 0501a[tiab] OR p 0502[tiab] OR p 0505[tiab] OR p 0507[tiab] OR p 051[tiab] OR p 0511[tiab] OR p 0513[tiab] OR p 0514[tiab] OR p 0515[tiab] OR p 0518[tiab] OR p 0519[tiab] OR p 052[tiab] OR p 0529[tiab] OR p 053[tiab] OR p 0537[tiab] OR p 054[tiab] OR p 0542[tiab] OR p 055[tiab] OR p 0557[tiab] OR p 056[tiab] OR p 0566[tiab] OR p 057[tiab] OR p 0571[tiab] OR p 0573[tiab] OR p 058[tiab] OR p 0583[tiab] OR p 0585[tiab] OR p 0588[tiab] OR p 059[tiab] OR p 0591[tiab] OR p 0594[tiab] OR p 0595[tiab] OR p 0597[tiab]) OR (p 0 05,15[tiab] OR p 0 05,863[tiab] OR p 0 05,95[tiab] OR p 0 050[tiab] OR p 0 0500[tiab] OR p 0 0501[tiab] OR p 0 0502[tiab] OR p 0 0503[tiab] OR p 0 0504[tiab] OR p 0 0505[tiab] OR p 0 0505385[tiab] OR p 0 0506[tiab] OR p 0 0507[tiab] OR p 0 0508[tiab] OR p 0 0509[tiab] OR p 0 051[tiab] OR p 0 0510[tiab] OR p 0 0511[tiab] OR p 0 0512[tiab] OR p 0 0513[tiab] OR p 0 0514[tiab] OR p 0 0515[tiab] OR p 0 0516[tiab] OR p 0 0517[tiab] OR p 0 0518[tiab] OR p 0 0519[tiab] OR p 0 052[tiab] OR p 0 0520[tiab] OR p 0 0522[tiab] OR p 0 0523[tiab] OR p 0 0524[tiab] OR p 0 0525[tiab] OR p 0 052574[tiab] OR p 0 0526[tiab] OR p 0 0527[tiab] OR p 0 0529[tiab] OR p 0 053[tiab] OR p 0 0530[tiab] OR p 0 0531[tiab] OR p 0 0532[tiab] OR p 0 0533[tiab] OR p 0 0534[tiab] OR p 0 0535[tiab] OR p 0 0536[tiab] OR p 0 0537[tiab] OR p 0 0539[tiab] OR p 0 054[tiab] OR p 0 0540[tiab] OR p 0 0541[tiab] OR p 0 0542[tiab] OR p 0 0543[tiab] OR p 0 0544[tiab] OR p 0 0545[tiab] OR p 0 0546[tiab] OR p 0 0547[tiab] OR p 0 0548[tiab] OR p 0 0549[tiab] OR p 0 055[tiab] OR p 0 0550[tiab] OR p 0 0551[tiab] OR p 0 0552[tiab] OR p 0 0553[tiab] OR p 0 0554[tiab] OR p 0 05548[tiab] OR p 0 0556[tiab] OR p 0 0557[tiab] OR p 0 0558[tiab] OR p 0 0559[tiab] OR p 0 056[tiab] OR p 0 0560[tiab] OR p 0 0561[tiab] OR p 0 0562[tiab] OR p 0 0563[tiab] OR p 0 0564[tiab] OR p 0 0566[tiab] OR p 0 0567[tiab] OR p 0 0568[tiab] OR p 0 0569[tiab] OR p 0 057[tiab] OR p 0 0570[tiab] OR p 0 0571[tiab] OR p 0 0572[tiab] OR p 0 0573[tiab] OR p 0 0574[tiab] OR p 0 0575[tiab] OR p 0 0576[tiab] OR p 0 05760[tiab] OR p 0 0577[tiab] OR p 0 0578[tiab] OR p 0 0579[tiab] OR p 0 058[tiab] OR p 0 0580[tiab] OR p 0 0581[tiab] OR p 0 0582[tiab] OR p 0 0583[tiab] OR p 0 0584[tiab] OR p 0 05846[tiab] OR p 0 0585[tiab] OR p 0 0586[tiab] OR p 0 0587[tiab] OR p 0 0588[tiab] OR p 0 0589[tiab] OR p 0 05891[tiab] OR p 0 059[tiab] OR p 0 0590[tiab] OR p 0 0591[tiab] OR p 0 0592[tiab] OR p 0 0593[tiab] OR p 0 0594[tiab] OR p 0 0595[tiab] OR p 0 0596[tiab] OR p 0 0597[tiab] OR p 0 0598[tiab] OR p 0 0599[tiab] OR p 0 05a[tiab] OR p 0 05and[tiab] OR p 0 05for[tiab] OR p 0 05u[tiab] OR p 0 05vs[tiab] OR p 0 05vsho[tiab])))) NOT ((p=.03* [tiab] OR p=0.03* [tiab]))) NOT ((p=.04* [tiab] OR p=0.04* [tiab]))) NOT (p=.06* [tiab] OR p=0.06*[tiab])))) AND ((((nonparametric [tiab] OR non-parametric [tiab] OR wlicoxon-rank [tiab] OR ""wilcoxon rank"" [tiab] OR kruskal-wallis [tiab] OR ""kruskal wallis"" [tiab] OR transformation [tiab] OR (outlier* [tiab] AND remov* [tiab])))) NOT ((t-test [tiab] OR anova [tiab] OR ancova [tiab] OR ""mixed model"" [tiab])))",126,18:05:04,5/9/16,rep,a,pm
#19,"Search (((((((p=.04* [tiab] OR p=0.04* [tiab]))) NOT ((p=.03* [tiab] OR p=0.03* [tiab]))) NOT (((p 05,05[tiab] OR p 050[tiab] OR p 0500[tiab] OR p 05006[tiab] OR p 0501[tiab] OR p 0501a[tiab] OR p 0502[tiab] OR p 0505[tiab] OR p 0507[tiab] OR p 051[tiab] OR p 0511[tiab] OR p 0513[tiab] OR p 0514[tiab] OR p 0515[tiab] OR p 0518[tiab] OR p 0519[tiab] OR p 052[tiab] OR p 0529[tiab] OR p 053[tiab] OR p 0537[tiab] OR p 054[tiab] OR p 0542[tiab] OR p 055[tiab] OR p 0557[tiab] OR p 056[tiab] OR p 0566[tiab] OR p 057[tiab] OR p 0571[tiab] OR p 0573[tiab] OR p 058[tiab] OR p 0583[tiab] OR p 0585[tiab] OR p 0588[tiab] OR p 059[tiab] OR p 0591[tiab] OR p 0594[tiab] OR p 0595[tiab] OR p 0597[tiab]) OR (p 0 05,15[tiab] OR p 0 05,863[tiab] OR p 0 05,95[tiab] OR p 0 050[tiab] OR p 0 0500[tiab] OR p 0 0501[tiab] OR p 0 0502[tiab] OR p 0 0503[tiab] OR p 0 0504[tiab] OR p 0 0505[tiab] OR p 0 0505385[tiab] OR p 0 0506[tiab] OR p 0 0507[tiab] OR p 0 0508[tiab] OR p 0 0509[tiab] OR p 0 051[tiab] OR p 0 0510[tiab] OR p 0 0511[tiab] OR p 0 0512[tiab] OR p 0 0513[tiab] OR p 0 0514[tiab] OR p 0 0515[tiab] OR p 0 0516[tiab] OR p 0 0517[tiab] OR p 0 0518[tiab] OR p 0 0519[tiab] OR p 0 052[tiab] OR p 0 0520[tiab] OR p 0 0522[tiab] OR p 0 0523[tiab] OR p 0 0524[tiab] OR p 0 0525[tiab] OR p 0 052574[tiab] OR p 0 0526[tiab] OR p 0 0527[tiab] OR p 0 0529[tiab] OR p 0 053[tiab] OR p 0 0530[tiab] OR p 0 0531[tiab] OR p 0 0532[tiab] OR p 0 0533[tiab] OR p 0 0534[tiab] OR p 0 0535[tiab] OR p 0 0536[tiab] OR p 0 0537[tiab] OR p 0 0539[tiab] OR p 0 054[tiab] OR p 0 0540[tiab] OR p 0 0541[tiab] OR p 0 0542[tiab] OR p 0 0543[tiab] OR p 0 0544[tiab] OR p 0 0545[tiab] OR p 0 0546[tiab] OR p 0 0547[tiab] OR p 0 0548[tiab] OR p 0 0549[tiab] OR p 0 055[tiab] OR p 0 0550[tiab] OR p 0 0551[tiab] OR p 0 0552[tiab] OR p 0 0553[tiab] OR p 0 0554[tiab] OR p 0 05548[tiab] OR p 0 0556[tiab] OR p 0 0557[tiab] OR p 0 0558[tiab] OR p 0 0559[tiab] OR p 0 056[tiab] OR p 0 0560[tiab] OR p 0 0561[tiab] OR p 0 0562[tiab] OR p 0 0563[tiab] OR p 0 0564[tiab] OR p 0 0566[tiab] OR p 0 0567[tiab] OR p 0 0568[tiab] OR p 0 0569[tiab] OR p 0 057[tiab] OR p 0 0570[tiab] OR p 0 0571[tiab] OR p 0 0572[tiab] OR p 0 0573[tiab] OR p 0 0574[tiab] OR p 0 0575[tiab] OR p 0 0576[tiab] OR p 0 05760[tiab] OR p 0 0577[tiab] OR p 0 0578[tiab] OR p 0 0579[tiab] OR p 0 058[tiab] OR p 0 0580[tiab] OR p 0 0581[tiab] OR p 0 0582[tiab] OR p 0 0583[tiab] OR p 0 0584[tiab] OR p 0 05846[tiab] OR p 0 0585[tiab] OR p 0 0586[tiab] OR p 0 0587[tiab] OR p 0 0588[tiab] OR p 0 0589[tiab] OR p 0 05891[tiab] OR p 0 059[tiab] OR p 0 0590[tiab] OR p 0 0591[tiab] OR p 0 0592[tiab] OR p 0 0593[tiab] OR p 0 0594[tiab] OR p 0 0595[tiab] OR p 0 0596[tiab] OR p 0 0597[tiab] OR p 0 0598[tiab] OR p 0 0599[tiab] OR p 0 05a[tiab] OR p 0 05and[tiab] OR p 0 05for[tiab] OR p 0 05u[tiab] OR p 0 05vs[tiab] OR p 0 05vsho[tiab])))) NOT (p=.06* [tiab] OR p=0.06*[tiab])))) AND ((((nonparametric [tiab] OR non-parametric [tiab] OR wlicoxon-rank [tiab] OR ""wilcoxon rank"" [tiab] OR kruskal-wallis [tiab] OR ""kruskal wallis"" [tiab] OR transformation [tiab] OR (outlier* [tiab] AND remov* [tiab])))) NOT ((t-test [tiab] OR anova [tiab] OR ancova [tiab] OR ""mixed model"" [tiab])))",1227,18:04:35,5/9/16,rep,a,pm
#18,"Search (((((((p=.03* [tiab] OR p=0.03* [tiab]))) NOT ((p=.04* [tiab] OR p=0.04* [tiab]))) NOT (((p 05,05[tiab] OR p 050[tiab] OR p 0500[tiab] OR p 05006[tiab] OR p 0501[tiab] OR p 0501a[tiab] OR p 0502[tiab] OR p 0505[tiab] OR p 0507[tiab] OR p 051[tiab] OR p 0511[tiab] OR p 0513[tiab] OR p 0514[tiab] OR p 0515[tiab] OR p 0518[tiab] OR p 0519[tiab] OR p 052[tiab] OR p 0529[tiab] OR p 053[tiab] OR p 0537[tiab] OR p 054[tiab] OR p 0542[tiab] OR p 055[tiab] OR p 0557[tiab] OR p 056[tiab] OR p 0566[tiab] OR p 057[tiab] OR p 0571[tiab] OR p 0573[tiab] OR p 058[tiab] OR p 0583[tiab] OR p 0585[tiab] OR p 0588[tiab] OR p 059[tiab] OR p 0591[tiab] OR p 0594[tiab] OR p 0595[tiab] OR p 0597[tiab]) OR (p 0 05,15[tiab] OR p 0 05,863[tiab] OR p 0 05,95[tiab] OR p 0 050[tiab] OR p 0 0500[tiab] OR p 0 0501[tiab] OR p 0 0502[tiab] OR p 0 0503[tiab] OR p 0 0504[tiab] OR p 0 0505[tiab] OR p 0 0505385[tiab] OR p 0 0506[tiab] OR p 0 0507[tiab] OR p 0 0508[tiab] OR p 0 0509[tiab] OR p 0 051[tiab] OR p 0 0510[tiab] OR p 0 0511[tiab] OR p 0 0512[tiab] OR p 0 0513[tiab] OR p 0 0514[tiab] OR p 0 0515[tiab] OR p 0 0516[tiab] OR p 0 0517[tiab] OR p 0 0518[tiab] OR p 0 0519[tiab] OR p 0 052[tiab] OR p 0 0520[tiab] OR p 0 0522[tiab] OR p 0 0523[tiab] OR p 0 0524[tiab] OR p 0 0525[tiab] OR p 0 052574[tiab] OR p 0 0526[tiab] OR p 0 0527[tiab] OR p 0 0529[tiab] OR p 0 053[tiab] OR p 0 0530[tiab] OR p 0 0531[tiab] OR p 0 0532[tiab] OR p 0 0533[tiab] OR p 0 0534[tiab] OR p 0 0535[tiab] OR p 0 0536[tiab] OR p 0 0537[tiab] OR p 0 0539[tiab] OR p 0 054[tiab] OR p 0 0540[tiab] OR p 0 0541[tiab] OR p 0 0542[tiab] OR p 0 0543[tiab] OR p 0 0544[tiab] OR p 0 0545[tiab] OR p 0 0546[tiab] OR p 0 0547[tiab] OR p 0 0548[tiab] OR p 0 0549[tiab] OR p 0 055[tiab] OR p 0 0550[tiab] OR p 0 0551[tiab] OR p 0 0552[tiab] OR p 0 0553[tiab] OR p 0 0554[tiab] OR p 0 05548[tiab] OR p 0 0556[tiab] OR p 0 0557[tiab] OR p 0 0558[tiab] OR p 0 0559[tiab] OR p 0 056[tiab] OR p 0 0560[tiab] OR p 0 0561[tiab] OR p 0 0562[tiab] OR p 0 0563[tiab] OR p 0 0564[tiab] OR p 0 0566[tiab] OR p 0 0567[tiab] OR p 0 0568[tiab] OR p 0 0569[tiab] OR p 0 057[tiab] OR p 0 0570[tiab] OR p 0 0571[tiab] OR p 0 0572[tiab] OR p 0 0573[tiab] OR p 0 0574[tiab] OR p 0 0575[tiab] OR p 0 0576[tiab] OR p 0 05760[tiab] OR p 0 0577[tiab] OR p 0 0578[tiab] OR p 0 0579[tiab] OR p 0 058[tiab] OR p 0 0580[tiab] OR p 0 0581[tiab] OR p 0 0582[tiab] OR p 0 0583[tiab] OR p 0 0584[tiab] OR p 0 05846[tiab] OR p 0 0585[tiab] OR p 0 0586[tiab] OR p 0 0587[tiab] OR p 0 0588[tiab] OR p 0 0589[tiab] OR p 0 05891[tiab] OR p 0 059[tiab] OR p 0 0590[tiab] OR p 0 0591[tiab] OR p 0 0592[tiab] OR p 0 0593[tiab] OR p 0 0594[tiab] OR p 0 0595[tiab] OR p 0 0596[tiab] OR p 0 0597[tiab] OR p 0 0598[tiab] OR p 0 0599[tiab] OR p 0 05a[tiab] OR p 0 05and[tiab] OR p 0 05for[tiab] OR p 0 05u[tiab] OR p 0 05vs[tiab] OR p 0 05vsho[tiab])))) NOT (p=.06* [tiab] OR p=0.06*[tiab])))) AND ((((nonparametric [tiab] OR non-parametric [tiab] OR wlicoxon-rank [tiab] OR ""wilcoxon rank"" [tiab] OR kruskal-wallis [tiab] OR ""kruskal wallis"" [tiab] OR transformation [tiab] OR (outlier* [tiab] AND remov* [tiab])))) NOT ((t-test [tiab] OR anova [tiab] OR ancova [tiab] OR ""mixed model"" [tiab])))",1459,18:04:05,5/9/16,rep,a,pm
#17,"Search ((((((p=.06* [tiab] OR p=0.06*[tiab]))) NOT ((p=.03* [tiab] OR p=0.03* [tiab]))) NOT ((p=.04* [tiab] OR p=0.04* [tiab]))) NOT (((p 05,05[tiab] OR p 050[tiab] OR p 0500[tiab] OR p 05006[tiab] OR p 0501[tiab] OR p 0501a[tiab] OR p 0502[tiab] OR p 0505[tiab] OR p 0507[tiab] OR p 051[tiab] OR p 0511[tiab] OR p 0513[tiab] OR p 0514[tiab] OR p 0515[tiab] OR p 0518[tiab] OR p 0519[tiab] OR p 052[tiab] OR p 0529[tiab] OR p 053[tiab] OR p 0537[tiab] OR p 054[tiab] OR p 0542[tiab] OR p 055[tiab] OR p 0557[tiab] OR p 056[tiab] OR p 0566[tiab] OR p 057[tiab] OR p 0571[tiab] OR p 0573[tiab] OR p 058[tiab] OR p 0583[tiab] OR p 0585[tiab] OR p 0588[tiab] OR p 059[tiab] OR p 0591[tiab] OR p 0594[tiab] OR p 0595[tiab] OR p 0597[tiab]) OR (p 0 05,15[tiab] OR p 0 05,863[tiab] OR p 0 05,95[tiab] OR p 0 050[tiab] OR p 0 0500[tiab] OR p 0 0501[tiab] OR p 0 0502[tiab] OR p 0 0503[tiab] OR p 0 0504[tiab] OR p 0 0505[tiab] OR p 0 0505385[tiab] OR p 0 0506[tiab] OR p 0 0507[tiab] OR p 0 0508[tiab] OR p 0 0509[tiab] OR p 0 051[tiab] OR p 0 0510[tiab] OR p 0 0511[tiab] OR p 0 0512[tiab] OR p 0 0513[tiab] OR p 0 0514[tiab] OR p 0 0515[tiab] OR p 0 0516[tiab] OR p 0 0517[tiab] OR p 0 0518[tiab] OR p 0 0519[tiab] OR p 0 052[tiab] OR p 0 0520[tiab] OR p 0 0522[tiab] OR p 0 0523[tiab] OR p 0 0524[tiab] OR p 0 0525[tiab] OR p 0 052574[tiab] OR p 0 0526[tiab] OR p 0 0527[tiab] OR p 0 0529[tiab] OR p 0 053[tiab] OR p 0 0530[tiab] OR p 0 0531[tiab] OR p 0 0532[tiab] OR p 0 0533[tiab] OR p 0 0534[tiab] OR p 0 0535[tiab] OR p 0 0536[tiab] OR p 0 0537[tiab] OR p 0 0539[tiab] OR p 0 054[tiab] OR p 0 0540[tiab] OR p 0 0541[tiab] OR p 0 0542[tiab] OR p 0 0543[tiab] OR p 0 0544[tiab] OR p 0 0545[tiab] OR p 0 0546[tiab] OR p 0 0547[tiab] OR p 0 0548[tiab] OR p 0 0549[tiab] OR p 0 055[tiab] OR p 0 0550[tiab] OR p 0 0551[tiab] OR p 0 0552[tiab] OR p 0 0553[tiab] OR p 0 0554[tiab] OR p 0 05548[tiab] OR p 0 0556[tiab] OR p 0 0557[tiab] OR p 0 0558[tiab] OR p 0 0559[tiab] OR p 0 056[tiab] OR p 0 0560[tiab] OR p 0 0561[tiab] OR p 0 0562[tiab] OR p 0 0563[tiab] OR p 0 0564[tiab] OR p 0 0566[tiab] OR p 0 0567[tiab] OR p 0 0568[tiab] OR p 0 0569[tiab] OR p 0 057[tiab] OR p 0 0570[tiab] OR p 0 0571[tiab] OR p 0 0572[tiab] OR p 0 0573[tiab] OR p 0 0574[tiab] OR p 0 0575[tiab] OR p 0 0576[tiab] OR p 0 05760[tiab] OR p 0 0577[tiab] OR p 0 0578[tiab] OR p 0 0579[tiab] OR p 0 058[tiab] OR p 0 0580[tiab] OR p 0 0581[tiab] OR p 0 0582[tiab] OR p 0 0583[tiab] OR p 0 0584[tiab] OR p 0 05846[tiab] OR p 0 0585[tiab] OR p 0 0586[tiab] OR p 0 0587[tiab] OR p 0 0588[tiab] OR p 0 0589[tiab] OR p 0 05891[tiab] OR p 0 059[tiab] OR p 0 0590[tiab] OR p 0 0591[tiab] OR p 0 0592[tiab] OR p 0 0593[tiab] OR p 0 0594[tiab] OR p 0 0595[tiab] OR p 0 0596[tiab] OR p 0 0597[tiab] OR p 0 0598[tiab] OR p 0 0599[tiab] OR p 0 05a[tiab] OR p 0 05and[tiab] OR p 0 05for[tiab] OR p 0 05u[tiab] OR p 0 05vs[tiab] OR p 0 05vsho[tiab]))))) AND ((((t-test [tiab] OR anova [tiab] OR ancova [tiab] OR ""mixed model"" [tiab]))) NOT ((nonparametric [tiab] OR non-parametric [tiab] OR wlicoxon-rank [tiab] OR ""wilcoxon rank"" [tiab] OR kruskal-wallis [tiab] OR ""kruskal wallis"" [tiab] OR transformation [tiab] OR (outlier* [tiab] AND remov* [tiab]))))",559,18:03:41,5/9/16,rep,a,pm
#16,"Search ((((((((p 05,05[tiab] OR p 050[tiab] OR p 0500[tiab] OR p 05006[tiab] OR p 0501[tiab] OR p 0501a[tiab] OR p 0502[tiab] OR p 0505[tiab] OR p 0507[tiab] OR p 051[tiab] OR p 0511[tiab] OR p 0513[tiab] OR p 0514[tiab] OR p 0515[tiab] OR p 0518[tiab] OR p 0519[tiab] OR p 052[tiab] OR p 0529[tiab] OR p 053[tiab] OR p 0537[tiab] OR p 054[tiab] OR p 0542[tiab] OR p 055[tiab] OR p 0557[tiab] OR p 056[tiab] OR p 0566[tiab] OR p 057[tiab] OR p 0571[tiab] OR p 0573[tiab] OR p 058[tiab] OR p 0583[tiab] OR p 0585[tiab] OR p 0588[tiab] OR p 059[tiab] OR p 0591[tiab] OR p 0594[tiab] OR p 0595[tiab] OR p 0597[tiab]) OR (p 0 05,15[tiab] OR p 0 05,863[tiab] OR p 0 05,95[tiab] OR p 0 050[tiab] OR p 0 0500[tiab] OR p 0 0501[tiab] OR p 0 0502[tiab] OR p 0 0503[tiab] OR p 0 0504[tiab] OR p 0 0505[tiab] OR p 0 0505385[tiab] OR p 0 0506[tiab] OR p 0 0507[tiab] OR p 0 0508[tiab] OR p 0 0509[tiab] OR p 0 051[tiab] OR p 0 0510[tiab] OR p 0 0511[tiab] OR p 0 0512[tiab] OR p 0 0513[tiab] OR p 0 0514[tiab] OR p 0 0515[tiab] OR p 0 0516[tiab] OR p 0 0517[tiab] OR p 0 0518[tiab] OR p 0 0519[tiab] OR p 0 052[tiab] OR p 0 0520[tiab] OR p 0 0522[tiab] OR p 0 0523[tiab] OR p 0 0524[tiab] OR p 0 0525[tiab] OR p 0 052574[tiab] OR p 0 0526[tiab] OR p 0 0527[tiab] OR p 0 0529[tiab] OR p 0 053[tiab] OR p 0 0530[tiab] OR p 0 0531[tiab] OR p 0 0532[tiab] OR p 0 0533[tiab] OR p 0 0534[tiab] OR p 0 0535[tiab] OR p 0 0536[tiab] OR p 0 0537[tiab] OR p 0 0539[tiab] OR p 0 054[tiab] OR p 0 0540[tiab] OR p 0 0541[tiab] OR p 0 0542[tiab] OR p 0 0543[tiab] OR p 0 0544[tiab] OR p 0 0545[tiab] OR p 0 0546[tiab] OR p 0 0547[tiab] OR p 0 0548[tiab] OR p 0 0549[tiab] OR p 0 055[tiab] OR p 0 0550[tiab] OR p 0 0551[tiab] OR p 0 0552[tiab] OR p 0 0553[tiab] OR p 0 0554[tiab] OR p 0 05548[tiab] OR p 0 0556[tiab] OR p 0 0557[tiab] OR p 0 0558[tiab] OR p 0 0559[tiab] OR p 0 056[tiab] OR p 0 0560[tiab] OR p 0 0561[tiab] OR p 0 0562[tiab] OR p 0 0563[tiab] OR p 0 0564[tiab] OR p 0 0566[tiab] OR p 0 0567[tiab] OR p 0 0568[tiab] OR p 0 0569[tiab] OR p 0 057[tiab] OR p 0 0570[tiab] OR p 0 0571[tiab] OR p 0 0572[tiab] OR p 0 0573[tiab] OR p 0 0574[tiab] OR p 0 0575[tiab] OR p 0 0576[tiab] OR p 0 05760[tiab] OR p 0 0577[tiab] OR p 0 0578[tiab] OR p 0 0579[tiab] OR p 0 058[tiab] OR p 0 0580[tiab] OR p 0 0581[tiab] OR p 0 0582[tiab] OR p 0 0583[tiab] OR p 0 0584[tiab] OR p 0 05846[tiab] OR p 0 0585[tiab] OR p 0 0586[tiab] OR p 0 0587[tiab] OR p 0 0588[tiab] OR p 0 0589[tiab] OR p 0 05891[tiab] OR p 0 059[tiab] OR p 0 0590[tiab] OR p 0 0591[tiab] OR p 0 0592[tiab] OR p 0 0593[tiab] OR p 0 0594[tiab] OR p 0 0595[tiab] OR p 0 0596[tiab] OR p 0 0597[tiab] OR p 0 0598[tiab] OR p 0 0599[tiab] OR p 0 05a[tiab] OR p 0 05and[tiab] OR p 0 05for[tiab] OR p 0 05u[tiab] OR p 0 05vs[tiab] OR p 0 05vsho[tiab])))) NOT ((p=.03* [tiab] OR p=0.03* [tiab]))) NOT ((p=.04* [tiab] OR p=0.04* [tiab]))) NOT (p=.06* [tiab] OR p=0.06*[tiab])))) AND ((((t-test [tiab] OR anova [tiab] OR ancova [tiab] OR ""mixed model"" [tiab]))) NOT ((nonparametric [tiab] OR non-parametric [tiab] OR wlicoxon-rank [tiab] OR ""wilcoxon rank"" [tiab] OR kruskal-wallis [tiab] OR ""kruskal wallis"" [tiab] OR transformation [tiab] OR (outlier* [tiab] AND remov* [tiab]))))",435,18:03:11,5/9/16,rep,a,pm
#15,"Search (((((((p=.04* [tiab] OR p=0.04* [tiab]))) NOT ((p=.03* [tiab] OR p=0.03* [tiab]))) NOT (((p 05,05[tiab] OR p 050[tiab] OR p 0500[tiab] OR p 05006[tiab] OR p 0501[tiab] OR p 0501a[tiab] OR p 0502[tiab] OR p 0505[tiab] OR p 0507[tiab] OR p 051[tiab] OR p 0511[tiab] OR p 0513[tiab] OR p 0514[tiab] OR p 0515[tiab] OR p 0518[tiab] OR p 0519[tiab] OR p 052[tiab] OR p 0529[tiab] OR p 053[tiab] OR p 0537[tiab] OR p 054[tiab] OR p 0542[tiab] OR p 055[tiab] OR p 0557[tiab] OR p 056[tiab] OR p 0566[tiab] OR p 057[tiab] OR p 0571[tiab] OR p 0573[tiab] OR p 058[tiab] OR p 0583[tiab] OR p 0585[tiab] OR p 0588[tiab] OR p 059[tiab] OR p 0591[tiab] OR p 0594[tiab] OR p 0595[tiab] OR p 0597[tiab]) OR (p 0 05,15[tiab] OR p 0 05,863[tiab] OR p 0 05,95[tiab] OR p 0 050[tiab] OR p 0 0500[tiab] OR p 0 0501[tiab] OR p 0 0502[tiab] OR p 0 0503[tiab] OR p 0 0504[tiab] OR p 0 0505[tiab] OR p 0 0505385[tiab] OR p 0 0506[tiab] OR p 0 0507[tiab] OR p 0 0508[tiab] OR p 0 0509[tiab] OR p 0 051[tiab] OR p 0 0510[tiab] OR p 0 0511[tiab] OR p 0 0512[tiab] OR p 0 0513[tiab] OR p 0 0514[tiab] OR p 0 0515[tiab] OR p 0 0516[tiab] OR p 0 0517[tiab] OR p 0 0518[tiab] OR p 0 0519[tiab] OR p 0 052[tiab] OR p 0 0520[tiab] OR p 0 0522[tiab] OR p 0 0523[tiab] OR p 0 0524[tiab] OR p 0 0525[tiab] OR p 0 052574[tiab] OR p 0 0526[tiab] OR p 0 0527[tiab] OR p 0 0529[tiab] OR p 0 053[tiab] OR p 0 0530[tiab] OR p 0 0531[tiab] OR p 0 0532[tiab] OR p 0 0533[tiab] OR p 0 0534[tiab] OR p 0 0535[tiab] OR p 0 0536[tiab] OR p 0 0537[tiab] OR p 0 0539[tiab] OR p 0 054[tiab] OR p 0 0540[tiab] OR p 0 0541[tiab] OR p 0 0542[tiab] OR p 0 0543[tiab] OR p 0 0544[tiab] OR p 0 0545[tiab] OR p 0 0546[tiab] OR p 0 0547[tiab] OR p 0 0548[tiab] OR p 0 0549[tiab] OR p 0 055[tiab] OR p 0 0550[tiab] OR p 0 0551[tiab] OR p 0 0552[tiab] OR p 0 0553[tiab] OR p 0 0554[tiab] OR p 0 05548[tiab] OR p 0 0556[tiab] OR p 0 0557[tiab] OR p 0 0558[tiab] OR p 0 0559[tiab] OR p 0 056[tiab] OR p 0 0560[tiab] OR p 0 0561[tiab] OR p 0 0562[tiab] OR p 0 0563[tiab] OR p 0 0564[tiab] OR p 0 0566[tiab] OR p 0 0567[tiab] OR p 0 0568[tiab] OR p 0 0569[tiab] OR p 0 057[tiab] OR p 0 0570[tiab] OR p 0 0571[tiab] OR p 0 0572[tiab] OR p 0 0573[tiab] OR p 0 0574[tiab] OR p 0 0575[tiab] OR p 0 0576[tiab] OR p 0 05760[tiab] OR p 0 0577[tiab] OR p 0 0578[tiab] OR p 0 0579[tiab] OR p 0 058[tiab] OR p 0 0580[tiab] OR p 0 0581[tiab] OR p 0 0582[tiab] OR p 0 0583[tiab] OR p 0 0584[tiab] OR p 0 05846[tiab] OR p 0 0585[tiab] OR p 0 0586[tiab] OR p 0 0587[tiab] OR p 0 0588[tiab] OR p 0 0589[tiab] OR p 0 05891[tiab] OR p 0 059[tiab] OR p 0 0590[tiab] OR p 0 0591[tiab] OR p 0 0592[tiab] OR p 0 0593[tiab] OR p 0 0594[tiab] OR p 0 0595[tiab] OR p 0 0596[tiab] OR p 0 0597[tiab] OR p 0 0598[tiab] OR p 0 0599[tiab] OR p 0 05a[tiab] OR p 0 05and[tiab] OR p 0 05for[tiab] OR p 0 05u[tiab] OR p 0 05vs[tiab] OR p 0 05vsho[tiab])))) NOT (p=.06* [tiab] OR p=0.06*[tiab])))) AND ((((t-test [tiab] OR anova [tiab] OR ancova [tiab] OR ""mixed model"" [tiab]))) NOT ((nonparametric [tiab] OR non-parametric [tiab] OR wlicoxon-rank [tiab] OR ""wilcoxon rank"" [tiab] OR kruskal-wallis [tiab] OR ""kruskal wallis"" [tiab] OR transformation [tiab] OR (outlier* [tiab] AND remov* [tiab]))))",3092,18:02:47,5/9/16,rep,a,pm
#14,"Search (((((t-test [tiab] OR anova [tiab] OR ancova [tiab] OR ""mixed model"" [tiab]))) NOT ((nonparametric [tiab] OR non-parametric [tiab] OR wlicoxon-rank [tiab] OR ""wilcoxon rank"" [tiab] OR kruskal-wallis [tiab] OR ""kruskal wallis"" [tiab] OR transformation [tiab] OR (outlier* [tiab] AND remov* [tiab]))))) AND ((((((p=.03* [tiab] OR p=0.03* [tiab]))) NOT ((p=.04* [tiab] OR p=0.04* [tiab]))) NOT (((p 05,05[tiab] OR p 050[tiab] OR p 0500[tiab] OR p 05006[tiab] OR p 0501[tiab] OR p 0501a[tiab] OR p 0502[tiab] OR p 0505[tiab] OR p 0507[tiab] OR p 051[tiab] OR p 0511[tiab] OR p 0513[tiab] OR p 0514[tiab] OR p 0515[tiab] OR p 0518[tiab] OR p 0519[tiab] OR p 052[tiab] OR p 0529[tiab] OR p 053[tiab] OR p 0537[tiab] OR p 054[tiab] OR p 0542[tiab] OR p 055[tiab] OR p 0557[tiab] OR p 056[tiab] OR p 0566[tiab] OR p 057[tiab] OR p 0571[tiab] OR p 0573[tiab] OR p 058[tiab] OR p 0583[tiab] OR p 0585[tiab] OR p 0588[tiab] OR p 059[tiab] OR p 0591[tiab] OR p 0594[tiab] OR p 0595[tiab] OR p 0597[tiab]) OR (p 0 05,15[tiab] OR p 0 05,863[tiab] OR p 0 05,95[tiab] OR p 0 050[tiab] OR p 0 0500[tiab] OR p 0 0501[tiab] OR p 0 0502[tiab] OR p 0 0503[tiab] OR p 0 0504[tiab] OR p 0 0505[tiab] OR p 0 0505385[tiab] OR p 0 0506[tiab] OR p 0 0507[tiab] OR p 0 0508[tiab] OR p 0 0509[tiab] OR p 0 051[tiab] OR p 0 0510[tiab] OR p 0 0511[tiab] OR p 0 0512[tiab] OR p 0 0513[tiab] OR p 0 0514[tiab] OR p 0 0515[tiab] OR p 0 0516[tiab] OR p 0 0517[tiab] OR p 0 0518[tiab] OR p 0 0519[tiab] OR p 0 052[tiab] OR p 0 0520[tiab] OR p 0 0522[tiab] OR p 0 0523[tiab] OR p 0 0524[tiab] OR p 0 0525[tiab] OR p 0 052574[tiab] OR p 0 0526[tiab] OR p 0 0527[tiab] OR p 0 0529[tiab] OR p 0 053[tiab] OR p 0 0530[tiab] OR p 0 0531[tiab] OR p 0 0532[tiab] OR p 0 0533[tiab] OR p 0 0534[tiab] OR p 0 0535[tiab] OR p 0 0536[tiab] OR p 0 0537[tiab] OR p 0 0539[tiab] OR p 0 054[tiab] OR p 0 0540[tiab] OR p 0 0541[tiab] OR p 0 0542[tiab] OR p 0 0543[tiab] OR p 0 0544[tiab] OR p 0 0545[tiab] OR p 0 0546[tiab] OR p 0 0547[tiab] OR p 0 0548[tiab] OR p 0 0549[tiab] OR p 0 055[tiab] OR p 0 0550[tiab] OR p 0 0551[tiab] OR p 0 0552[tiab] OR p 0 0553[tiab] OR p 0 0554[tiab] OR p 0 05548[tiab] OR p 0 0556[tiab] OR p 0 0557[tiab] OR p 0 0558[tiab] OR p 0 0559[tiab] OR p 0 056[tiab] OR p 0 0560[tiab] OR p 0 0561[tiab] OR p 0 0562[tiab] OR p 0 0563[tiab] OR p 0 0564[tiab] OR p 0 0566[tiab] OR p 0 0567[tiab] OR p 0 0568[tiab] OR p 0 0569[tiab] OR p 0 057[tiab] OR p 0 0570[tiab] OR p 0 0571[tiab] OR p 0 0572[tiab] OR p 0 0573[tiab] OR p 0 0574[tiab] OR p 0 0575[tiab] OR p 0 0576[tiab] OR p 0 05760[tiab] OR p 0 0577[tiab] OR p 0 0578[tiab] OR p 0 0579[tiab] OR p 0 058[tiab] OR p 0 0580[tiab] OR p 0 0581[tiab] OR p 0 0582[tiab] OR p 0 0583[tiab] OR p 0 0584[tiab] OR p 0 05846[tiab] OR p 0 0585[tiab] OR p 0 0586[tiab] OR p 0 0587[tiab] OR p 0 0588[tiab] OR p 0 0589[tiab] OR p 0 05891[tiab] OR p 0 059[tiab] OR p 0 0590[tiab] OR p 0 0591[tiab] OR p 0 0592[tiab] OR p 0 0593[tiab] OR p 0 0594[tiab] OR p 0 0595[tiab] OR p 0 0596[tiab] OR p 0 0597[tiab] OR p 0 0598[tiab] OR p 0 0599[tiab] OR p 0 05a[tiab] OR p 0 05and[tiab] OR p 0 05for[tiab] OR p 0 05u[tiab] OR p 0 05vs[tiab] OR p 0 05vsho[tiab])))) NOT (p=.06* [tiab] OR p=0.06*[tiab])))",3839,18:02:18,5/9/16,rep,a,pm
#13,"Search (((nonparametric [tiab] OR non-parametric [tiab] OR wlicoxon-rank [tiab] OR ""wilcoxon rank"" [tiab] OR kruskal-wallis [tiab] OR ""kruskal wallis"" [tiab] OR transformation [tiab] OR (outlier* [tiab] AND remov* [tiab])))) NOT ((t-test [tiab] OR anova [tiab] OR ancova [tiab] OR ""mixed model"" [tiab]))",182687,18:01:30,5/9/16,rep,a,pm
#12,"Search (((t-test [tiab] OR anova [tiab] OR ancova [tiab] OR ""mixed model"" [tiab]))) NOT ((nonparametric [tiab] OR non-parametric [tiab] OR wlicoxon-rank [tiab] OR ""wilcoxon rank"" [tiab] OR kruskal-wallis [tiab] OR ""kruskal wallis"" [tiab] OR transformation [tiab] OR (outlier* [tiab] AND remov* [tiab])))",100842,18:01:09,5/9/16,rep,a,pm
#11,"Search ((((p=.06* [tiab] OR p=0.06*[tiab]))) NOT ((p=.03* [tiab] OR p=0.03* [tiab]))) NOT ((p=.04* [tiab] OR p=0.04* [tiab]))) NOT (((p 05,05[tiab] OR p 050[tiab] OR p 0500[tiab] OR p 05006[tiab] OR p 0501[tiab] OR p 0501a[tiab] OR p 0502[tiab] OR p 0505[tiab] OR p 0507[tiab] OR p 051[tiab] OR p 0511[tiab] OR p 0513[tiab] OR p 0514[tiab] OR p 0515[tiab] OR p 0518[tiab] OR p 0519[tiab] OR p 052[tiab] OR p 0529[tiab] OR p 053[tiab] OR p 0537[tiab] OR p 054[tiab] OR p 0542[tiab] OR p 055[tiab] OR p 0557[tiab] OR p 056[tiab] OR p 0566[tiab] OR p 057[tiab] OR p 0571[tiab] OR p 0573[tiab] OR p 058[tiab] OR p 0583[tiab] OR p 0585[tiab] OR p 0588[tiab] OR p 059[tiab] OR p 0591[tiab] OR p 0594[tiab] OR p 0595[tiab] OR p 0597[tiab]) OR (p 0 05,15[tiab] OR p 0 05,863[tiab] OR p 0 05,95[tiab] OR p 0 050[tiab] OR p 0 0500[tiab] OR p 0 0501[tiab] OR p 0 0502[tiab] OR p 0 0503[tiab] OR p 0 0504[tiab] OR p 0 0505[tiab] OR p 0 0505385[tiab] OR p 0 0506[tiab] OR p 0 0507[tiab] OR p 0 0508[tiab] OR p 0 0509[tiab] OR p 0 051[tiab] OR p 0 0510[tiab] OR p 0 0511[tiab] OR p 0 0512[tiab] OR p 0 0513[tiab] OR p 0 0514[tiab] OR p 0 0515[tiab] OR p 0 0516[tiab] OR p 0 0517[tiab] OR p 0 0518[tiab] OR p 0 0519[tiab] OR p 0 052[tiab] OR p 0 0520[tiab] OR p 0 0522[tiab] OR p 0 0523[tiab] OR p 0 0524[tiab] OR p 0 0525[tiab] OR p 0 052574[tiab] OR p 0 0526[tiab] OR p 0 0527[tiab] OR p 0 0529[tiab] OR p 0 053[tiab] OR p 0 0530[tiab] OR p 0 0531[tiab] OR p 0 0532[tiab] OR p 0 0533[tiab] OR p 0 0534[tiab] OR p 0 0535[tiab] OR p 0 0536[tiab] OR p 0 0537[tiab] OR p 0 0539[tiab] OR p 0 054[tiab] OR p 0 0540[tiab] OR p 0 0541[tiab] OR p 0 0542[tiab] OR p 0 0543[tiab] OR p 0 0544[tiab] OR p 0 0545[tiab] OR p 0 0546[tiab] OR p 0 0547[tiab] OR p 0 0548[tiab] OR p 0 0549[tiab] OR p 0 055[tiab] OR p 0 0550[tiab] OR p 0 0551[tiab] OR p 0 0552[tiab] OR p 0 0553[tiab] OR p 0 0554[tiab] OR p 0 05548[tiab] OR p 0 0556[tiab] OR p 0 0557[tiab] OR p 0 0558[tiab] OR p 0 0559[tiab] OR p 0 056[tiab] OR p 0 0560[tiab] OR p 0 0561[tiab] OR p 0 0562[tiab] OR p 0 0563[tiab] OR p 0 0564[tiab] OR p 0 0566[tiab] OR p 0 0567[tiab] OR p 0 0568[tiab] OR p 0 0569[tiab] OR p 0 057[tiab] OR p 0 0570[tiab] OR p 0 0571[tiab] OR p 0 0572[tiab] OR p 0 0573[tiab] OR p 0 0574[tiab] OR p 0 0575[tiab] OR p 0 0576[tiab] OR p 0 05760[tiab] OR p 0 0577[tiab] OR p 0 0578[tiab] OR p 0 0579[tiab] OR p 0 058[tiab] OR p 0 0580[tiab] OR p 0 0581[tiab] OR p 0 0582[tiab] OR p 0 0583[tiab] OR p 0 0584[tiab] OR p 0 05846[tiab] OR p 0 0585[tiab] OR p 0 0586[tiab] OR p 0 0587[tiab] OR p 0 0588[tiab] OR p 0 0589[tiab] OR p 0 05891[tiab] OR p 0 059[tiab] OR p 0 0590[tiab] OR p 0 0591[tiab] OR p 0 0592[tiab] OR p 0 0593[tiab] OR p 0 0594[tiab] OR p 0 0595[tiab] OR p 0 0596[tiab] OR p 0 0597[tiab] OR p 0 0598[tiab] OR p 0 0599[tiab] OR p 0 05a[tiab] OR p 0 05and[tiab] OR p 0 05for[tiab] OR p 0 05u[tiab] OR p 0 05vs[tiab] OR p 0 05vsho[tiab])))",19782,18:00:42,5/9/16,rep,a,pm
#10,"Search ((((((p 05,05[tiab] OR p 050[tiab] OR p 0500[tiab] OR p 05006[tiab] OR p 0501[tiab] OR p 0501a[tiab] OR p 0502[tiab] OR p 0505[tiab] OR p 0507[tiab] OR p 051[tiab] OR p 0511[tiab] OR p 0513[tiab] OR p 0514[tiab] OR p 0515[tiab] OR p 0518[tiab] OR p 0519[tiab] OR p 052[tiab] OR p 0529[tiab] OR p 053[tiab] OR p 0537[tiab] OR p 054[tiab] OR p 0542[tiab] OR p 055[tiab] OR p 0557[tiab] OR p 056[tiab] OR p 0566[tiab] OR p 057[tiab] OR p 0571[tiab] OR p 0573[tiab] OR p 058[tiab] OR p 0583[tiab] OR p 0585[tiab] OR p 0588[tiab] OR p 059[tiab] OR p 0591[tiab] OR p 0594[tiab] OR p 0595[tiab] OR p 0597[tiab]) OR (p 0 05,15[tiab] OR p 0 05,863[tiab] OR p 0 05,95[tiab] OR p 0 050[tiab] OR p 0 0500[tiab] OR p 0 0501[tiab] OR p 0 0502[tiab] OR p 0 0503[tiab] OR p 0 0504[tiab] OR p 0 0505[tiab] OR p 0 0505385[tiab] OR p 0 0506[tiab] OR p 0 0507[tiab] OR p 0 0508[tiab] OR p 0 0509[tiab] OR p 0 051[tiab] OR p 0 0510[tiab] OR p 0 0511[tiab] OR p 0 0512[tiab] OR p 0 0513[tiab] OR p 0 0514[tiab] OR p 0 0515[tiab] OR p 0 0516[tiab] OR p 0 0517[tiab] OR p 0 0518[tiab] OR p 0 0519[tiab] OR p 0 052[tiab] OR p 0 0520[tiab] OR p 0 0522[tiab] OR p 0 0523[tiab] OR p 0 0524[tiab] OR p 0 0525[tiab] OR p 0 052574[tiab] OR p 0 0526[tiab] OR p 0 0527[tiab] OR p 0 0529[tiab] OR p 0 053[tiab] OR p 0 0530[tiab] OR p 0 0531[tiab] OR p 0 0532[tiab] OR p 0 0533[tiab] OR p 0 0534[tiab] OR p 0 0535[tiab] OR p 0 0536[tiab] OR p 0 0537[tiab] OR p 0 0539[tiab] OR p 0 054[tiab] OR p 0 0540[tiab] OR p 0 0541[tiab] OR p 0 0542[tiab] OR p 0 0543[tiab] OR p 0 0544[tiab] OR p 0 0545[tiab] OR p 0 0546[tiab] OR p 0 0547[tiab] OR p 0 0548[tiab] OR p 0 0549[tiab] OR p 0 055[tiab] OR p 0 0550[tiab] OR p 0 0551[tiab] OR p 0 0552[tiab] OR p 0 0553[tiab] OR p 0 0554[tiab] OR p 0 05548[tiab] OR p 0 0556[tiab] OR p 0 0557[tiab] OR p 0 0558[tiab] OR p 0 0559[tiab] OR p 0 056[tiab] OR p 0 0560[tiab] OR p 0 0561[tiab] OR p 0 0562[tiab] OR p 0 0563[tiab] OR p 0 0564[tiab] OR p 0 0566[tiab] OR p 0 0567[tiab] OR p 0 0568[tiab] OR p 0 0569[tiab] OR p 0 057[tiab] OR p 0 0570[tiab] OR p 0 0571[tiab] OR p 0 0572[tiab] OR p 0 0573[tiab] OR p 0 0574[tiab] OR p 0 0575[tiab] OR p 0 0576[tiab] OR p 0 05760[tiab] OR p 0 0577[tiab] OR p 0 0578[tiab] OR p 0 0579[tiab] OR p 0 058[tiab] OR p 0 0580[tiab] OR p 0 0581[tiab] OR p 0 0582[tiab] OR p 0 0583[tiab] OR p 0 0584[tiab] OR p 0 05846[tiab] OR p 0 0585[tiab] OR p 0 0586[tiab] OR p 0 0587[tiab] OR p 0 0588[tiab] OR p 0 0589[tiab] OR p 0 05891[tiab] OR p 0 059[tiab] OR p 0 0590[tiab] OR p 0 0591[tiab] OR p 0 0592[tiab] OR p 0 0593[tiab] OR p 0 0594[tiab] OR p 0 0595[tiab] OR p 0 0596[tiab] OR p 0 0597[tiab] OR p 0 0598[tiab] OR p 0 0599[tiab] OR p 0 05a[tiab] OR p 0 05and[tiab] OR p 0 05for[tiab] OR p 0 05u[tiab] OR p 0 05vs[tiab] OR p 0 05vsho[tiab])))) NOT ((p=.03* [tiab] OR p=0.03* [tiab]))) NOT ((p=.04* [tiab] OR p=0.04* [tiab]))) NOT (p=.06* [tiab] OR p=0.06*[tiab]))",12375,17:59:58,5/9/16,rep,a,pm
#9,"Search (((((p=.04* [tiab] OR p=0.04* [tiab]))) NOT ((p=.03* [tiab] OR p=0.03* [tiab]))) NOT (((p 05,05[tiab] OR p 050[tiab] OR p 0500[tiab] OR p 05006[tiab] OR p 0501[tiab] OR p 0501a[tiab] OR p 0502[tiab] OR p 0505[tiab] OR p 0507[tiab] OR p 051[tiab] OR p 0511[tiab] OR p 0513[tiab] OR p 0514[tiab] OR p 0515[tiab] OR p 0518[tiab] OR p 0519[tiab] OR p 052[tiab] OR p 0529[tiab] OR p 053[tiab] OR p 0537[tiab] OR p 054[tiab] OR p 0542[tiab] OR p 055[tiab] OR p 0557[tiab] OR p 056[tiab] OR p 0566[tiab] OR p 057[tiab] OR p 0571[tiab] OR p 0573[tiab] OR p 058[tiab] OR p 0583[tiab] OR p 0585[tiab] OR p 0588[tiab] OR p 059[tiab] OR p 0591[tiab] OR p 0594[tiab] OR p 0595[tiab] OR p 0597[tiab]) OR (p 0 05,15[tiab] OR p 0 05,863[tiab] OR p 0 05,95[tiab] OR p 0 050[tiab] OR p 0 0500[tiab] OR p 0 0501[tiab] OR p 0 0502[tiab] OR p 0 0503[tiab] OR p 0 0504[tiab] OR p 0 0505[tiab] OR p 0 0505385[tiab] OR p 0 0506[tiab] OR p 0 0507[tiab] OR p 0 0508[tiab] OR p 0 0509[tiab] OR p 0 051[tiab] OR p 0 0510[tiab] OR p 0 0511[tiab] OR p 0 0512[tiab] OR p 0 0513[tiab] OR p 0 0514[tiab] OR p 0 0515[tiab] OR p 0 0516[tiab] OR p 0 0517[tiab] OR p 0 0518[tiab] OR p 0 0519[tiab] OR p 0 052[tiab] OR p 0 0520[tiab] OR p 0 0522[tiab] OR p 0 0523[tiab] OR p 0 0524[tiab] OR p 0 0525[tiab] OR p 0 052574[tiab] OR p 0 0526[tiab] OR p 0 0527[tiab] OR p 0 0529[tiab] OR p 0 053[tiab] OR p 0 0530[tiab] OR p 0 0531[tiab] OR p 0 0532[tiab] OR p 0 0533[tiab] OR p 0 0534[tiab] OR p 0 0535[tiab] OR p 0 0536[tiab] OR p 0 0537[tiab] OR p 0 0539[tiab] OR p 0 054[tiab] OR p 0 0540[tiab] OR p 0 0541[tiab] OR p 0 0542[tiab] OR p 0 0543[tiab] OR p 0 0544[tiab] OR p 0 0545[tiab] OR p 0 0546[tiab] OR p 0 0547[tiab] OR p 0 0548[tiab] OR p 0 0549[tiab] OR p 0 055[tiab] OR p 0 0550[tiab] OR p 0 0551[tiab] OR p 0 0552[tiab] OR p 0 0553[tiab] OR p 0 0554[tiab] OR p 0 05548[tiab] OR p 0 0556[tiab] OR p 0 0557[tiab] OR p 0 0558[tiab] OR p 0 0559[tiab] OR p 0 056[tiab] OR p 0 0560[tiab] OR p 0 0561[tiab] OR p 0 0562[tiab] OR p 0 0563[tiab] OR p 0 0564[tiab] OR p 0 0566[tiab] OR p 0 0567[tiab] OR p 0 0568[tiab] OR p 0 0569[tiab] OR p 0 057[tiab] OR p 0 0570[tiab] OR p 0 0571[tiab] OR p 0 0572[tiab] OR p 0 0573[tiab] OR p 0 0574[tiab] OR p 0 0575[tiab] OR p 0 0576[tiab] OR p 0 05760[tiab] OR p 0 0577[tiab] OR p 0 0578[tiab] OR p 0 0579[tiab] OR p 0 058[tiab] OR p 0 0580[tiab] OR p 0 0581[tiab] OR p 0 0582[tiab] OR p 0 0583[tiab] OR p 0 0584[tiab] OR p 0 05846[tiab] OR p 0 0585[tiab] OR p 0 0586[tiab] OR p 0 0587[tiab] OR p 0 0588[tiab] OR p 0 0589[tiab] OR p 0 05891[tiab] OR p 0 059[tiab] OR p 0 0590[tiab] OR p 0 0591[tiab] OR p 0 0592[tiab] OR p 0 0593[tiab] OR p 0 0594[tiab] OR p 0 0595[tiab] OR p 0 0596[tiab] OR p 0 0597[tiab] OR p 0 0598[tiab] OR p 0 0599[tiab] OR p 0 05a[tiab] OR p 0 05and[tiab] OR p 0 05for[tiab] OR p 0 05u[tiab] OR p 0 05vs[tiab] OR p 0 05vsho[tiab])))) NOT (p=.06* [tiab] OR p=0.06*[tiab]))",109838,17:59:17,5/9/16,rep,a,pm
#8,"Search (((((p=.03* [tiab] OR p=0.03* [tiab]))) NOT ((p=.04* [tiab] OR p=0.04* [tiab]))) NOT (((p 05,05[tiab] OR p 050[tiab] OR p 0500[tiab] OR p 05006[tiab] OR p 0501[tiab] OR p 0501a[tiab] OR p 0502[tiab] OR p 0505[tiab] OR p 0507[tiab] OR p 051[tiab] OR p 0511[tiab] OR p 0513[tiab] OR p 0514[tiab] OR p 0515[tiab] OR p 0518[tiab] OR p 0519[tiab] OR p 052[tiab] OR p 0529[tiab] OR p 053[tiab] OR p 0537[tiab] OR p 054[tiab] OR p 0542[tiab] OR p 055[tiab] OR p 0557[tiab] OR p 056[tiab] OR p 0566[tiab] OR p 057[tiab] OR p 0571[tiab] OR p 0573[tiab] OR p 058[tiab] OR p 0583[tiab] OR p 0585[tiab] OR p 0588[tiab] OR p 059[tiab] OR p 0591[tiab] OR p 0594[tiab] OR p 0595[tiab] OR p 0597[tiab]) OR (p 0 05,15[tiab] OR p 0 05,863[tiab] OR p 0 05,95[tiab] OR p 0 050[tiab] OR p 0 0500[tiab] OR p 0 0501[tiab] OR p 0 0502[tiab] OR p 0 0503[tiab] OR p 0 0504[tiab] OR p 0 0505[tiab] OR p 0 0505385[tiab] OR p 0 0506[tiab] OR p 0 0507[tiab] OR p 0 0508[tiab] OR p 0 0509[tiab] OR p 0 051[tiab] OR p 0 0510[tiab] OR p 0 0511[tiab] OR p 0 0512[tiab] OR p 0 0513[tiab] OR p 0 0514[tiab] OR p 0 0515[tiab] OR p 0 0516[tiab] OR p 0 0517[tiab] OR p 0 0518[tiab] OR p 0 0519[tiab] OR p 0 052[tiab] OR p 0 0520[tiab] OR p 0 0522[tiab] OR p 0 0523[tiab] OR p 0 0524[tiab] OR p 0 0525[tiab] OR p 0 052574[tiab] OR p 0 0526[tiab] OR p 0 0527[tiab] OR p 0 0529[tiab] OR p 0 053[tiab] OR p 0 0530[tiab] OR p 0 0531[tiab] OR p 0 0532[tiab] OR p 0 0533[tiab] OR p 0 0534[tiab] OR p 0 0535[tiab] OR p 0 0536[tiab] OR p 0 0537[tiab] OR p 0 0539[tiab] OR p 0 054[tiab] OR p 0 0540[tiab] OR p 0 0541[tiab] OR p 0 0542[tiab] OR p 0 0543[tiab] OR p 0 0544[tiab] OR p 0 0545[tiab] OR p 0 0546[tiab] OR p 0 0547[tiab] OR p 0 0548[tiab] OR p 0 0549[tiab] OR p 0 055[tiab] OR p 0 0550[tiab] OR p 0 0551[tiab] OR p 0 0552[tiab] OR p 0 0553[tiab] OR p 0 0554[tiab] OR p 0 05548[tiab] OR p 0 0556[tiab] OR p 0 0557[tiab] OR p 0 0558[tiab] OR p 0 0559[tiab] OR p 0 056[tiab] OR p 0 0560[tiab] OR p 0 0561[tiab] OR p 0 0562[tiab] OR p 0 0563[tiab] OR p 0 0564[tiab] OR p 0 0566[tiab] OR p 0 0567[tiab] OR p 0 0568[tiab] OR p 0 0569[tiab] OR p 0 057[tiab] OR p 0 0570[tiab] OR p 0 0571[tiab] OR p 0 0572[tiab] OR p 0 0573[tiab] OR p 0 0574[tiab] OR p 0 0575[tiab] OR p 0 0576[tiab] OR p 0 05760[tiab] OR p 0 0577[tiab] OR p 0 0578[tiab] OR p 0 0579[tiab] OR p 0 058[tiab] OR p 0 0580[tiab] OR p 0 0581[tiab] OR p 0 0582[tiab] OR p 0 0583[tiab] OR p 0 0584[tiab] OR p 0 05846[tiab] OR p 0 0585[tiab] OR p 0 0586[tiab] OR p 0 0587[tiab] OR p 0 0588[tiab] OR p 0 0589[tiab] OR p 0 05891[tiab] OR p 0 059[tiab] OR p 0 0590[tiab] OR p 0 0591[tiab] OR p 0 0592[tiab] OR p 0 0593[tiab] OR p 0 0594[tiab] OR p 0 0595[tiab] OR p 0 0596[tiab] OR p 0 0597[tiab] OR p 0 0598[tiab] OR p 0 0599[tiab] OR p 0 05a[tiab] OR p 0 05and[tiab] OR p 0 05for[tiab] OR p 0 05u[tiab] OR p 0 05vs[tiab] OR p 0 05vsho[tiab])))) NOT (p=.06* [tiab] OR p=0.06*[tiab]))",134448,17:58:38,5/9/16,rep,a,pm
#7,"Search (nonparametric [tiab] OR non-parametric [tiab] OR wlicoxon-rank [tiab] OR ""wilcoxon rank"" [tiab] OR kruskal-wallis [tiab] OR ""kruskal wallis"" [tiab] OR transformation [tiab] OR (outlier* [tiab] AND remov* [tiab]))",186994,17:57:17,5/9/16,rep,a,pm
#6,"Search (t-test [tiab] OR anova [tiab] OR ancova [tiab] OR ""mixed model"" [tiab])",105149,17:56:47,5/9/16,rep,a,pm
#5,Search p=.06* [tiab] OR p=0.06*[tiab]),29596,17:55:27,5/9/16,rep,a,pm
#3,"Search ((p 05,05[tiab] OR p 050[tiab] OR p 0500[tiab] OR p 05006[tiab] OR p 0501[tiab] OR p 0501a[tiab] OR p 0502[tiab] OR p 0505[tiab] OR p 0507[tiab] OR p 051[tiab] OR p 0511[tiab] OR p 0513[tiab] OR p 0514[tiab] OR p 0515[tiab] OR p 0518[tiab] OR p 0519[tiab] OR p 052[tiab] OR p 0529[tiab] OR p 053[tiab] OR p 0537[tiab] OR p 054[tiab] OR p 0542[tiab] OR p 055[tiab] OR p 0557[tiab] OR p 056[tiab] OR p 0566[tiab] OR p 057[tiab] OR p 0571[tiab] OR p 0573[tiab] OR p 058[tiab] OR p 0583[tiab] OR p 0585[tiab] OR p 0588[tiab] OR p 059[tiab] OR p 0591[tiab] OR p 0594[tiab] OR p 0595[tiab] OR p 0597[tiab]) OR (p 0 05,15[tiab] OR p 0 05,863[tiab] OR p 0 05,95[tiab] OR p 0 050[tiab] OR p 0 0500[tiab] OR p 0 0501[tiab] OR p 0 0502[tiab] OR p 0 0503[tiab] OR p 0 0504[tiab] OR p 0 0505[tiab] OR p 0 0505385[tiab] OR p 0 0506[tiab] OR p 0 0507[tiab] OR p 0 0508[tiab] OR p 0 0509[tiab] OR p 0 051[tiab] OR p 0 0510[tiab] OR p 0 0511[tiab] OR p 0 0512[tiab] OR p 0 0513[tiab] OR p 0 0514[tiab] OR p 0 0515[tiab] OR p 0 0516[tiab] OR p 0 0517[tiab] OR p 0 0518[tiab] OR p 0 0519[tiab] OR p 0 052[tiab] OR p 0 0520[tiab] OR p 0 0522[tiab] OR p 0 0523[tiab] OR p 0 0524[tiab] OR p 0 0525[tiab] OR p 0 052574[tiab] OR p 0 0526[tiab] OR p 0 0527[tiab] OR p 0 0529[tiab] OR p 0 053[tiab] OR p 0 0530[tiab] OR p 0 0531[tiab] OR p 0 0532[tiab] OR p 0 0533[tiab] OR p 0 0534[tiab] OR p 0 0535[tiab] OR p 0 0536[tiab] OR p 0 0537[tiab] OR p 0 0539[tiab] OR p 0 054[tiab] OR p 0 0540[tiab] OR p 0 0541[tiab] OR p 0 0542[tiab] OR p 0 0543[tiab] OR p 0 0544[tiab] OR p 0 0545[tiab] OR p 0 0546[tiab] OR p 0 0547[tiab] OR p 0 0548[tiab] OR p 0 0549[tiab] OR p 0 055[tiab] OR p 0 0550[tiab] OR p 0 0551[tiab] OR p 0 0552[tiab] OR p 0 0553[tiab] OR p 0 0554[tiab] OR p 0 05548[tiab] OR p 0 0556[tiab] OR p 0 0557[tiab] OR p 0 0558[tiab] OR p 0 0559[tiab] OR p 0 056[tiab] OR p 0 0560[tiab] OR p 0 0561[tiab] OR p 0 0562[tiab] OR p 0 0563[tiab] OR p 0 0564[tiab] OR p 0 0566[tiab] OR p 0 0567[tiab] OR p 0 0568[tiab] OR p 0 0569[tiab] OR p 0 057[tiab] OR p 0 0570[tiab] OR p 0 0571[tiab] OR p 0 0572[tiab] OR p 0 0573[tiab] OR p 0 0574[tiab] OR p 0 0575[tiab] OR p 0 0576[tiab] OR p 0 05760[tiab] OR p 0 0577[tiab] OR p 0 0578[tiab] OR p 0 0579[tiab] OR p 0 058[tiab] OR p 0 0580[tiab] OR p 0 0581[tiab] OR p 0 0582[tiab] OR p 0 0583[tiab] OR p 0 0584[tiab] OR p 0 05846[tiab] OR p 0 0585[tiab] OR p 0 0586[tiab] OR p 0 0587[tiab] OR p 0 0588[tiab] OR p 0 0589[tiab] OR p 0 05891[tiab] OR p 0 059[tiab] OR p 0 0590[tiab] OR p 0 0591[tiab] OR p 0 0592[tiab] OR p 0 0593[tiab] OR p 0 0594[tiab] OR p 0 0595[tiab] OR p 0 0596[tiab] OR p 0 0597[tiab] OR p 0 0598[tiab] OR p 0 0599[tiab] OR p 0 05a[tiab] OR p 0 05and[tiab] OR p 0 05for[tiab] OR p 0 05u[tiab] OR p 0 05vs[tiab] OR p 0 05vsho[tiab]))",19754,17:55:09,5/9/16,rep,a,pm
#2,Search (p=.04* [tiab] OR p=0.04* [tiab]),157873,17:54:35,5/9/16,rep,a,pm
#1,Search (p=.03* [tiab] OR p=0.03* [tiab]),183427,17:54:21,5/9/16,rep,a,pm
#20,#8 AND #12 (with dss filter),6,,5/9/16,orig,b,dss
#19,#8 AND #11 (with dss filter),2,,5/9/16,orig,b,dss
#27,#8 AND #10 (with dss filter),27,,5/9/16,orig,b,dss
#26,#8 AND #9 (with dss filter),30,,5/9/16,orig,b,dss
#25,#7 AND #12 (with dss filter),18,,5/9/16,orig,b,dss
#24,#7 AND #11 (with dss filter),17,,5/9/16,orig,b,dss
#23,#7 AND #10 (with dss filter),112,,5/9/16,orig,b,dss
#22,#7 AND #9 (with dss filter),149,,5/9/16,orig,b,dss
#21,#8 AND #13,367,,5/9/16,orig,b,pm
#20,#8 AND #11,237,,5/9/16,orig,b,pm
#19,#8 AND #10,1993,,5/9/16,orig,b,pm
#18,#8 AND #9,2434,,5/9/16,orig,b,pm
#17,#7 AND #13,527,,5/9/16,orig,b,pm
#16,#7 AND #11,407,,5/9/16,orig,b,pm
#15,#7 AND #10,2872,,5/9/16,orig,b,pm
#14,#7 AND #9,3579,,5/9/16,orig,b,pm
#13,#4 NOT (#1 OR #2 OR #3),19747,,5/9/16,orig,b,pm
#11,#3 NOT (#1 OR #2 OR #4),12302,,5/9/16,orig,b,pm
#10,#2 NOT (#1 OR #3 OR #4),109533,,5/9/16,orig,b,pm
#9,#1 NOT (#2 OR #3 OR #4),134105,,5/9/16,orig,b,pm
#8,#6 NOT #5,53855,,5/9/16,orig,b,pm
#7,#5 NOT #6,97194,,5/9/16,orig,b,pm
#6,"nonparametric [tiab] OR non-parametric [tiab] OR ""non parametric"" [tiab] OR wilcoxon-mann-whitney [tiab] OR mann-whitney [tiab] OR u-test [tiab] OR wilcoxon [tiab] OR wlicoxon-rank [tiab] OR ""wilcoxon rank"" [tiab] OR kruskal-wallis [tiab] OR ""kruskal wallis"" [tiab] OR log-transformed [tiab] OR ""log transformed"" [tiab] OR (outlier* [tiab] AND remov* [tiab])",63328,,5/9/16,orig,b,pm
#5,"t-test [tiab] OR ""t test"" [tiab] OR t-student [tiab] OR anova [tiab] OR ANOVA [tiab] OR ancova [tiab] OR ""mixed model"" [tiab] OR ""parametric tests"" [tiab] ",106667,,5/9/16,orig,b,pm
#4,p=.06* [tiab] OR p=0.06*[tiab] ,29538,,5/9/16,orig,b,pm
#3,"(p 05,05[tiab] OR p 050[tiab] OR p 0500[tiab] OR p 05006[tiab] OR p 0501[tiab] OR p 0501a[tiab] OR p 0502[tiab] OR p 0505[tiab] OR p 0507[tiab] OR p 051[tiab] OR p 0511[tiab] OR p 0513[tiab] OR p 0514[tiab] OR p 0515[tiab] OR p 0518[tiab] OR p 0519[tiab] OR p 052[tiab] OR p 0529[tiab] OR p 053[tiab] OR p 0537[tiab] OR p 054[tiab] OR p 0542[tiab] OR p 055[tiab] OR p 0557[tiab] OR p 056[tiab] OR p 0566[tiab] OR p 057[tiab] OR p 0571[tiab] OR p 0573[tiab] OR p 058[tiab] OR p 0583[tiab] OR p 0585[tiab] OR p 0588[tiab] OR p 059[tiab] OR p 0591[tiab] OR p 0594[tiab] OR p 0595[tiab] OR p 0597[tiab]) OR (p 0 05,15[tiab] OR p 0 05,863[tiab] OR p 0 05,95[tiab] OR p 0 050[tiab] OR p 0 0500[tiab] OR p 0 0501[tiab] OR p 0 0502[tiab] OR p 0 0503[tiab] OR p 0 0504[tiab] OR p 0 0505[tiab] OR p 0 0505385[tiab] OR p 0 0506[tiab] OR p 0 0507[tiab] OR p 0 0508[tiab] OR p 0 0509[tiab] OR p 0 051[tiab] OR p 0 0510[tiab] OR p 0 0511[tiab] OR p 0 0512[tiab] OR p 0 0513[tiab] OR p 0 0514[tiab] OR p 0 0515[tiab] OR p 0 0516[tiab] OR p 0 0517[tiab] OR p 0 0518[tiab] OR p 0 0519[tiab] OR p 0 052[tiab] OR p 0 0520[tiab] OR p 0 0522[tiab] OR p 0 0523[tiab] OR p 0 0524[tiab] OR p 0 0525[tiab] OR p 0 052574[tiab] OR p 0 0526[tiab] OR p 0 0527[tiab] OR p 0 0529[tiab] OR p 0 053[tiab] OR p 0 0530[tiab] OR p 0 0531[tiab] OR p 0 0532[tiab] OR p 0 0533[tiab] OR p 0 0534[tiab] OR p 0 0535[tiab] OR p 0 0536[tiab] OR p 0 0537[tiab] OR p 0 0539[tiab] OR p 0 054[tiab] OR p 0 0540[tiab] OR p 0 0541[tiab] OR p 0 0542[tiab] OR p 0 0543[tiab] OR p 0 0544[tiab] OR p 0 0545[tiab] OR p 0 0546[tiab] OR p 0 0547[tiab] OR p 0 0548[tiab] OR p 0 0549[tiab] OR p 0 055[tiab] OR p 0 0550[tiab] OR p 0 0551[tiab] OR p 0 0552[tiab] OR p 0 0553[tiab] OR p 0 0554[tiab] OR p 0 05548[tiab] OR p 0 0556[tiab] OR p 0 0557[tiab] OR p 0 0558[tiab] OR p 0 0559[tiab] OR p 0 056[tiab] OR p 0 0560[tiab] OR p 0 0561[tiab] OR p 0 0562[tiab] OR p 0 0563[tiab] OR p 0 0564[tiab] OR p 0 0566[tiab] OR p 0 0567[tiab] OR p 0 0568[tiab] OR p 0 0569[tiab] OR p 0 057[tiab] OR p 0 0570[tiab] OR p 0 0571[tiab] OR p 0 0572[tiab] OR p 0 0573[tiab] OR p 0 0574[tiab] OR p 0 0575[tiab] OR p 0 0576[tiab] OR p 0 05760[tiab] OR p 0 0577[tiab] OR p 0 0578[tiab] OR p 0 0579[tiab] OR p 0 058[tiab] OR p 0 0580[tiab] OR p 0 0581[tiab] OR p 0 0582[tiab] OR p 0 0583[tiab] OR p 0 0584[tiab] OR p 0 05846[tiab] OR p 0 0585[tiab] OR p 0 0586[tiab] OR p 0 0587[tiab] OR p 0 0588[tiab] OR p 0 0589[tiab] OR p 0 05891[tiab] OR p 0 059[tiab] OR p 0 0590[tiab] OR p 0 0591[tiab] OR p 0 0592[tiab] OR p 0 0593[tiab] OR p 0 0594[tiab] OR p 0 0595[tiab] OR p 0 0596[tiab] OR p 0 0597[tiab] OR p 0 0598[tiab] OR p 0 0599[tiab] OR p 0 05a[tiab] OR p 0 05and[tiab] OR p 0 05for[tiab] OR p 0 05u[tiab] OR p 0 05vs[tiab] OR p 0 05vsho[tiab])",19624,,5/9/16,orig,b,pm
#2,p=.04* [tiab] OR p=0.04* [tiab] ,157419,,5/9/16,orig,b,pm
#1,p=.03* [tiab] OR p=0.03* [tiab]  ,182936,,5/9/16,orig,b,pm